clientnumber;firstname;lastname;username;email;gender;street;city;login;password
1;Ginny;Osipov;111111111;gosipov0@vimeo.com;male;098 Bluejay Parkway;la Massana;1;alfa2022
2;Godfrey;Penman;111111112;gpenman1@about.me;female;971 Waubesa Way;Agrela;1;alfa2022
3;Nikola;McPeeters;111111113;nmcpeeters2@issuu.com;male;4346 4th Point;Velké Hoštice;1;alfa2022
4;Raquel;St. Pierre;111111114;rstpierre3@linkedin.com;female;3 Donald Alley;La Mesa;1;alfa2022
5;Tamas;Brixham;111111115;tbrixham4@lycos.com;male;89 Butterfield Court;Huai’an;1;alfa2022
6;Jude;Rogerson;111111116;jrogerson5@unblog.fr;female;00516 Division Point;Shezhu;1;alfa2022
7;Miranda;Fellis;111111117;mfellis6@sphinn.com;male;66291 Kenwood Plaza;Silihe;1;alfa2022
8;Jess;Lillyman;111111118;jlillyman7@wp.com;female;6 Judy Park;Rentian;1;alfa2022
9;Mattie;Vallentin;111111119;mvallentin8@mac.com;male;162 Transport Trail;Umuquena;1;alfa2022
10;Dorian;Burchfield;111111120;dburchfield9@myspace.com;female;3 Vermont Way;Wenqiao;1;alfa2022
11;Krystyna;Foxton;111111121;kfoxtona@senate.gov;male;0758 American Circle;Kabarnet;1;alfa2022
12;Zechariah;Lefebre;111111122;zlefebreb@pen.io;female;3217 Surrey Center;Santa Ana;1;alfa2022
13;Wren;Miall;111111123;wmiallc@bing.com;male;1296 Armistice Junction;Ubrub;1;alfa2022
14;Jane;Fullerlove;111111124;jfullerloved@businessweek.com;female;19002 Sutherland Center;Balud;1;alfa2022
15;Franciskus;Santoro;111111125;fsantoroe@nature.com;male;83532 Sycamore Junction;Tendō;1;alfa2022
16;Pepe;Oddey;111111126;poddeyf@macromedia.com;female;4097 Gina Hill;Huanren;1;alfa2022
17;Minna;Tabram;111111127;mtabramg@tamu.edu;male;522 Ridgeway Crossing;Shar’ya;1;alfa2022
18;Dominga;Lake;111111128;dlakeh@mozilla.com;female;1351 Del Mar Place;Montepuez;1;alfa2022
19;Cletis;Roote;111111129;crootei@wufoo.com;male;2304 Petterle Lane;Burunday;1;alfa2022
20;Kory;Torbet;111111130;ktorbetj@people.com.cn;female;176 Monica Street;Litian;1;alfa2022
21;Haywood;Haswell;111111131;hhaswellk@jigsy.com;male;82 Farragut Trail;Yintang;1;alfa2022
22;Kendall;Overstone;111111132;koverstonel@disqus.com;female;368 Hanover Pass;Arco de Baúlhe;1;alfa2022
23;Leisha;Diament;111111133;ldiamentm@telegraph.co.uk;male;04599 Crescent Oaks Trail;Jawornik Polski;1;alfa2022
24;Perle;Cicci;111111134;pciccin@delicious.com;female;455 Weeping Birch Crossing;Mojo;1;alfa2022
25;Suzette;Knowles;111111135;sknowleso@wp.com;male;76 Cascade Parkway;Huangzhou;1;alfa2022
26;Magdalena;Fritchley;111111136;mfritchleyp@economist.com;female;056 Lunder Center;Oesena;1;alfa2022
27;Abby;Juris;111111137;ajurisq@odnoklassniki.ru;male;0 La Follette Way;Uzda;1;alfa2022
28;Ximenez;Hallgalley;111111138;xhallgalleyr@dedecms.com;female;6 Hoard Crossing;Olímpia;1;alfa2022
29;Ibby;Gatecliff;111111139;igatecliffs@posterous.com;male;4953 Lawn Court;Uspenka;1;alfa2022
30;Kendall;Elvin;111111140;kelvint@squidoo.com;female;21 Carey Park;Amassoma;1;alfa2022
31;Immanuel;Maffei;111111141;imaffeiu@nytimes.com;male;618 Bunker Hill Street;Belomorsk;1;alfa2022
32;Brig;Dossett;111111142;bdossettv@dailymotion.com;female;91984 Vernon Court;Cárdenas;1;alfa2022
33;Kelcie;Killiner;111111143;kkillinerw@yolasite.com;male;134 Wayridge Crossing;P’yŏngsŏng;1;alfa2022
34;Boot;Coxwell;111111144;bcoxwellx@hibu.com;female;5 Anzinger Crossing;Fort-de-France;1;alfa2022
35;Aldus;Virgin;111111145;avirginy@google.nl;male;68502 Tennyson Circle;Tegarenkrajan;1;alfa2022
36;Rodrigo;Case;111111146;rcasez@com.com;female;693 Golf View Center;Vänersborg;1;alfa2022
37;Herb;Haliburton;111111147;hhaliburton10@google.com.br;male;6 Mcguire Road;Vichuga;1;alfa2022
38;Winny;Hyslop;111111148;whyslop11@usda.gov;female;2578 Eliot Court;Fougamou;1;alfa2022
39;Bogey;Gosford;111111149;bgosford12@vkontakte.ru;male;0 1st Junction;Gjirokastër;1;alfa2022
40;Jermaine;Testo;111111150;jtesto13@sina.com.cn;female;4 Shopko Drive;Tver;1;alfa2022
41;Herbie;Prestage;111111151;hprestage14@state.tx.us;male;19969 Blue Bill Park Place;Helsingborg;1;alfa2022
42;Lawry;Plummer;111111152;lplummer15@free.fr;female;10 Blackbird Court;Jongīyeh;1;alfa2022
43;Phyllis;Beetham;111111153;pbeetham16@dmoz.org;male;14104 Jay Court;Rancakuya;1;alfa2022
44;Ellene;McGinny;111111154;emcginny17@1688.com;female;23 Kim Avenue;Akhfennir;1;alfa2022
45;Lonnard;Tebb;111111155;ltebb18@spiegel.de;male;9 Rowland Junction;Rustenburg;1;alfa2022
46;Carmon;Polin;111111156;cpolin19@imgur.com;female;6 Hoepker Terrace;Ocoruro;1;alfa2022
47;Stella;Cocksedge;111111157;scocksedge1a@lulu.com;male;5 Red Cloud Road;Huaiyuan Chengguanzhen;1;alfa2022
48;Gris;Dolder;111111158;gdolder1b@ameblo.jp;female;31 American Trail;Thymianá;1;alfa2022
49;Delilah;Gipp;111111159;dgipp1c@facebook.com;male;6 Jay Pass;Sairam;1;alfa2022
50;Kellen;Scarce;111111160;kscarce1d@newsvine.com;female;7 Straubel Way;Lalībela;1;alfa2022
51;Alonzo;Annes;111111161;aannes1e@zdnet.com;male;052 Tennessee Court;Pengfang;1;alfa2022
52;Adham;Inderwick;111111162;ainderwick1f@ifeng.com;female;337 Service Crossing;Dębów;1;alfa2022
53;Eddie;Ferrick;111111163;eferrick1g@infoseek.co.jp;male;9 Fairfield Crossing;Batang;1;alfa2022
54;Jerri;Semple;111111164;jsemple1h@auda.org.au;female;2621 Gale Point;Oinófyta;1;alfa2022
55;Madelina;Lidgey;111111165;mlidgey1i@washington.edu;male;0 Little Fleur Park;Chiang Rai;1;alfa2022
56;Dyanne;Carthew;111111166;dcarthew1j@wp.com;female;26605 Sycamore Drive;Cova da Iria;1;alfa2022
57;Ruy;Stealfox;111111167;rstealfox1k@cbslocal.com;male;0742 Hudson Parkway;Uchaly;1;alfa2022
58;Lesley;MacCambridge;111111168;lmaccambridge1l@live.com;female;7 Hauk Court;Bahui;1;alfa2022
59;Rob;Narbett;111111169;rnarbett1m@wikia.com;male;804 Hayes Trail;Huangcun;1;alfa2022
60;Dorthy;Hyndes;111111170;dhyndes1n@columbia.edu;female;4159 Summit Pass;Oebatu;1;alfa2022
61;Saxe;Baudesson;111111171;sbaudesson1o@privacy.gov.au;male;90876 Park Meadow Court;Sherwood Park;1;alfa2022
62;Simmonds;Izacenko;111111172;sizacenko1p@weather.com;female;922 Canary Hill;Midlands;1;alfa2022
63;Parke;Foulser;111111173;pfoulser1q@wunderground.com;male;1 Cascade Pass;Pego Longo;1;alfa2022
64;Anet;Meckiff;111111174;ameckiff1r@csmonitor.com;female;516 Westerfield Trail;Lushikeng;1;alfa2022
65;Dee;Jansik;111111175;djansik1s@stumbleupon.com;male;26 American Ash Avenue;Vallauris;1;alfa2022
66;Arv;Jonke;111111176;ajonke1t@dot.gov;female;6 Sauthoff Street;Sadang Kulon;1;alfa2022
67;Lillis;Bolsteridge;111111177;lbolsteridge1u@oaic.gov.au;male;7527 Sage Terrace;Woloara;1;alfa2022
68;Juieta;Trematick;111111178;jtrematick1v@mysql.com;female;398 Vahlen Crossing;Qingfa;1;alfa2022
69;Carmelina;Lynett;111111179;clynett1w@eepurl.com;male;3925 Nova Crossing;Táriba;1;alfa2022
70;Karney;Gorman;111111180;kgorman1x@instagram.com;female;20 Rockefeller Alley;Barcelona;1;alfa2022
71;Molly;Rosenhaus;111111181;mrosenhaus1y@newsvine.com;male;00416 International Center;Flying Fish Cove;1;alfa2022
72;Jessie;Zottoli;111111182;jzottoli1z@cpanel.net;female;0 Fairview Center;Kampungtengah;1;alfa2022
73;Fredek;Tooting;111111183;ftooting20@over-blog.com;male;77 Garrison Junction;Aizi;1;alfa2022
74;Lia;Purchase;111111184;lpurchase21@walmart.com;female;0494 Bluejay Center;Charleville-Mézières;1;alfa2022
75;Delora;Knocker;111111185;dknocker22@webnode.com;male;7 Kings Parkway;Al Fuwayliq;1;alfa2022
76;Beatrisa;Doreward;111111186;bdoreward23@cbc.ca;female;39352 Morning Street;Maharagama;1;alfa2022
77;Aguste;Shawcross;111111187;ashawcross24@time.com;male;53332 Porter Center;Moratuwa;1;alfa2022
78;Leonelle;Fleote;111111188;lfleote25@upenn.edu;female;55654 Commercial Drive;Selasari;1;alfa2022
79;Camille;Paddingdon;111111189;cpaddingdon26@photobucket.com;male;298 Jenna Junction;Smithers;1;alfa2022
80;Martelle;Munkley;111111190;mmunkley27@csmonitor.com;female;7338 Village Center;Rulenge;1;alfa2022
81;Teddi;Amberson;111111191;tamberson28@g.co;male;8 Aberg Circle;San Jerónimo;1;alfa2022
82;Jannelle;Masson;111111192;jmasson29@oaic.gov.au;female;17609 Bluejay Street;Cogon;1;alfa2022
83;Susanetta;Iacomelli;111111193;siacomelli2a@disqus.com;male;19561 Linden Avenue;Taekas;1;alfa2022
84;Lutero;Bowdidge;111111194;lbowdidge2b@google.es;female;17068 Haas Drive;Auray;1;alfa2022
85;Abramo;Boulger;111111195;aboulger2c@discovery.com;male;4782 Caliangt Center;Biała;1;alfa2022
86;Dom;Vicent;111111196;dvicent2d@springer.com;female;8 Surrey Crossing;Gazanjyk;1;alfa2022
87;Shaine;Bartolijn;111111197;sbartolijn2e@salon.com;male;424 Tennessee Lane;Qingzhou;1;alfa2022
88;Guido;Pluvier;111111198;gpluvier2f@free.fr;female;32 Nevada Trail;Honolulu;1;alfa2022
89;Maggie;Marquot;111111199;mmarquot2g@xrea.com;male;0794 Walton Plaza;Quỳnh Côi;1;alfa2022
90;Pren;Hussell;111111200;phussell2h@cafepress.com;female;580 Delaware Junction;Minle;1;alfa2022
91;Stanley;Kondrachenko;111111201;skondrachenko2i@businessweek.com;male;53982 Di Loreto Hill;Shirone;1;alfa2022
92;Brose;Westmerland;111111202;bwestmerland2j@google.ru;female;91843 Michigan Drive;Mohelnice;1;alfa2022
93;Stafani;Beeden;111111203;sbeeden2k@eventbrite.com;male;2371 Springs Avenue;Grębów;1;alfa2022
94;Matt;Turfitt;111111204;mturfitt2l@g.co;female;03801 Becker Alley;Kāshān;1;alfa2022
95;Jameson;Noble;111111205;jnoble2m@oakley.com;male;07930 Derek Junction;Sungi Liput;1;alfa2022
96;Hall;Alesio;111111206;halesio2n@simplemachines.org;female;2 Bonner Parkway;Chengbei;1;alfa2022
97;Jorry;Sprey;111111207;jsprey2o@vinaora.com;male;954 5th Lane;San Jose;1;alfa2022
98;Ilaire;Chesnut;111111208;ichesnut2p@opera.com;female;285 Onsgard Circle;Puzi;1;alfa2022
99;Forester;Greenacre;111111209;fgreenacre2q@desdev.cn;male;3666 Dryden Park;Psary;1;alfa2022
100;Prinz;Loveland;111111210;ploveland2r@mlb.com;female;1744 Hayes Lane;Badovinci;1;alfa2022
101;Joscelin;Carvill;111111211;jcarvill2s@weather.com;male;3827 Sugar Parkway;Wlingi;1;alfa2022
102;Mable;Pervoe;111111212;mpervoe2t@parallels.com;female;93 Redwing Parkway;São Mamede;1;alfa2022
103;Paquito;Cradock;111111213;pcradock2u@accuweather.com;male;4188 Chive Drive;Yalukou;1;alfa2022
104;Annamaria;Delhay;111111214;adelhay2v@rakuten.co.jp;female;6 Milwaukee Point;Qulsary;1;alfa2022
105;Raimondo;Pennells;111111215;rpennells2w@example.com;male;55 Northwestern Way;St. Catharines;1;alfa2022
106;Yuri;Beal;111111216;ybeal2x@cnn.com;female;23 Hazelcrest Crossing;Şaḩam;1;alfa2022
107;Jacquelyn;Tatlow;111111217;jtatlow2y@nasa.gov;male;980 Corry Court;Tsagaan-Ovoo;1;alfa2022
108;Maggie;Terney;111111218;mterney2z@hexun.com;female;3592 Mockingbird Junction;Shamkhor;1;alfa2022
109;Quintin;MacCahee;111111219;qmaccahee30@fc2.com;male;78 Westridge Trail;Risālpur;1;alfa2022
110;Curt;Stains;111111220;cstains31@wisc.edu;female;71133 Westridge Place;Lucma;1;alfa2022
111;Domingo;Vitall;111111221;dvitall32@forbes.com;male;0012 Independence Trail;Siemiechów;1;alfa2022
112;Anatollo;Snoden;111111222;asnoden33@gmpg.org;female;63 Welch Trail;Santo Domingo;1;alfa2022
113;Blinni;Ambrose;111111223;bambrose34@latimes.com;male;416 Ramsey Place;Żychlin;1;alfa2022
114;Nissa;Swindells;111111224;nswindells35@archive.org;female;4 Kropf Way;Agua Blanca;1;alfa2022
115;Sadie;Gatsby;111111225;sgatsby36@netscape.com;male;2 Ryan Court;Nine;1;alfa2022
116;Nowell;Pash;111111226;npash37@godaddy.com;female;5 3rd Circle;Paungde;1;alfa2022
117;Scotti;Jagiello;111111227;sjagiello38@bbb.org;male;65345 Pond Alley;Hauhena;1;alfa2022
118;Gare;Weeds;111111228;gweeds39@japanpost.jp;female;8 Cascade Place;Madamba;1;alfa2022
119;Susette;Thunnerclef;111111229;sthunnerclef3a@yellowbook.com;male;001 Sullivan Parkway;Périgny;1;alfa2022
120;Kennett;Frammingham;111111230;kframmingham3b@taobao.com;female;2 Hollow Ridge Street;Songjiang;1;alfa2022
121;Myrilla;Troyes;111111231;mtroyes3c@mapquest.com;male;2797 Vidon Street;Sedati;1;alfa2022
122;Vivian;Nears;111111232;vnears3d@mapquest.com;female;4 Sage Drive;Milton;1;alfa2022
123;Dante;Binley;111111233;dbinley3e@shutterfly.com;male;30795 Katie Lane;Novomoskovsk;1;alfa2022
124;Dylan;Dandy;111111234;ddandy3f@barnesandnoble.com;female;372 Eliot Pass;Hang Dong;1;alfa2022
125;Talia;Grandham;111111235;tgrandham3g@biblegateway.com;male;32952 Del Sol Lane;Tatebal;1;alfa2022
126;Rosina;Janku;111111236;rjanku3h@sina.com.cn;female;8 Bashford Parkway;Hengling;1;alfa2022
127;Timofei;Bantham;111111237;tbantham3i@merriam-webster.com;male;24870 Bartillon Circle;Lincoln;1;alfa2022
128;Kalle;Ortas;111111238;kortas3j@bigcartel.com;female;4149 Carpenter Hill;Horrom;1;alfa2022
129;King;Lumpkin;111111239;klumpkin3k@fda.gov;male;735 Sutherland Point;Mimbaan Timur;1;alfa2022
130;Alfonso;Barlass;111111240;abarlass3l@sina.com.cn;female;63464 Continental Pass;Banjar Kampungbugis;1;alfa2022
131;Corenda;Joris;111111241;cjoris3m@princeton.edu;male;17197 Homewood Place;Luntai;1;alfa2022
132;Tommie;Vedyaev;111111242;tvedyaev3n@ow.ly;female;0 Lunder Trail;Omuo-Ekiti;1;alfa2022
133;Tuesday;Ruseworth;111111243;truseworth3o@plala.or.jp;male;331 Laurel Way;Krynice;1;alfa2022
134;Liam;Thornally;111111244;lthornally3p@amazon.co.jp;female;50826 Alpine Crossing;Áno Kómi;1;alfa2022
135;Winthrop;Nagle;111111245;wnagle3q@shop-pro.jp;male;5734 Corscot Place;Seixas;1;alfa2022
136;Minetta;Tuley;111111246;mtuley3r@nasa.gov;female;36290 Larry Trail;Năm Căn;1;alfa2022
137;Alejoa;MacKonochie;111111247;amackonochie3s@yale.edu;male;6137 Chinook Point;Klapagada;1;alfa2022
138;Roman;Massenhove;111111248;rmassenhove3t@wordpress.org;female;21 Clemons Lane;Bailang;1;alfa2022
139;Louisette;Harteley;111111249;lharteley3u@chron.com;male;6930 Donald Drive;Maple Plain;1;alfa2022
140;Reese;Gettone;111111250;rgettone3v@cbc.ca;female;049 Oak Valley Terrace;Shengping;1;alfa2022
141;Pattie;Daft;111111251;pdaft3w@vimeo.com;male;5402 Oakridge Lane;Ronneby;1;alfa2022
142;Benito;Stirrip;111111252;bstirrip3x@desdev.cn;female;76013 Springs Place;Koson;1;alfa2022
143;Staffard;Nattriss;111111253;snattriss3y@tumblr.com;male;9389 Cherokee Park;Huacheng;1;alfa2022
144;Anya;Adie;111111254;aadie3z@cornell.edu;female;694 Amoth Drive;Papeete;1;alfa2022
145;Cord;Benes;111111255;cbenes40@newsvine.com;male;32805 American Hill;Coxim;1;alfa2022
146;Gib;Drei;111111256;gdrei41@is.gd;female;16 Hooker Pass;Černilov;1;alfa2022
147;Abbe;Ludlamme;111111257;aludlamme42@indiegogo.com;male;16 Warner Circle;East Migpulao;1;alfa2022
148;Nita;O'Donnell;111111258;nodonnell43@ucsd.edu;female;72 Shelley Center;Caratinga;1;alfa2022
149;Lindsey;Giovannardi;111111259;lgiovannardi44@vinaora.com;male;93 Forest Street;Palmas;1;alfa2022
150;Jori;Rennocks;111111260;jrennocks45@ucla.edu;female;647 Summerview Alley;Quime;1;alfa2022
151;Zebedee;Mulvany;111111261;zmulvany46@icq.com;male;68 Melby Crossing;Xinhuang;1;alfa2022
152;Vera;Paudin;111111262;vpaudin47@jalbum.net;female;0 Sauthoff Crossing;Dulangan;1;alfa2022
153;Joy;Chstney;111111263;jchstney48@edublogs.org;male;99961 Sheridan Court;Padurung;1;alfa2022
154;Abdel;Roderighi;111111264;aroderighi49@dyndns.org;female;89492 Towne Trail;Bells Corners;1;alfa2022
155;Reggi;Lingard;111111265;rlingard4a@dagondesign.com;male;4537 Sugar Way;Agua Fría;1;alfa2022
156;Rosalia;Halksworth;111111266;rhalksworth4b@ebay.co.uk;female;592 Rutledge Parkway;Bi’r Ḩāt;1;alfa2022
157;Rosalinda;Andrivel;111111267;randrivel4c@cnn.com;male;61 8th Way;Sarishābāri;1;alfa2022
158;Etan;Etuck;111111268;eetuck4d@csmonitor.com;female;99 Coleman Plaza;Pigí;1;alfa2022
159;Blake;Heck;111111269;bheck4e@usatoday.com;male;8 Autumn Leaf Circle;Springfield;1;alfa2022
160;Rhetta;Pien;111111270;rpien4f@rakuten.co.jp;female;1 David Center;Rio Piracicaba;1;alfa2022
161;Blake;Sharram;111111271;bsharram4g@oakley.com;male;06 Ridgeview Road;Muldersdriseloop;1;alfa2022
162;Jeralee;Fidoe;111111272;jfidoe4h@g.co;female;7461 Laurel Parkway;Gorodishche;1;alfa2022
163;Farrah;Yashunin;111111273;fyashunin4i@oakley.com;male;5478 Jenna Way;Kavār;1;alfa2022
164;Gusty;Betty;111111274;gbetty4j@hibu.com;female;2 Merry Pass;Sakata;1;alfa2022
165;Eloisa;Stapele;111111275;estapele4k@comcast.net;male;081 Prairie Rose Junction;Bandaran;1;alfa2022
166;Angele;Kembrey;111111276;akembrey4l@usgs.gov;female;675 Bay Junction;Santa Cruz do Capibaribe;1;alfa2022
167;Donella;Gounel;111111277;dgounel4m@about.com;male;7546 Maryland Center;Hirvensalmi;1;alfa2022
168;Guillemette;Noades;111111278;gnoades4n@moonfruit.com;female;593 Jenifer Drive;Balally;1;alfa2022
169;Merralee;Antwis;111111279;mantwis4o@microsoft.com;male;5 Coleman Way;Osvaldo Cruz;1;alfa2022
170;Marcelline;Jansie;111111280;mjansie4p@miitbeian.gov.cn;female;24 Walton Park;Pak Phli;1;alfa2022
171;Harlene;Angliss;111111281;hangliss4q@symantec.com;male;29 Northfield Trail;Obryte;1;alfa2022
172;Westleigh;Nockells;111111282;wnockells4r@netvibes.com;female;67 Prentice Junction;Runsonglaozhai;1;alfa2022
173;Garrot;Persitt;111111283;gpersitt4s@creativecommons.org;male;61 Spenser Pass;Kuštilj;1;alfa2022
174;Kate;Laird-Craig;111111284;klairdcraig4t@tinypic.com;female;8 Starling Park;Sugihan;1;alfa2022
175;Clemens;Turfs;111111285;cturfs4u@hao123.com;male;11 Steensland Place;Pondokrejo Wetan;1;alfa2022
176;Thurstan;Boulton;111111286;tboulton4v@cafepress.com;female;40729 Clyde Gallagher Trail;Svoboda nad Úpou;1;alfa2022
177;Theodor;Gilhooly;111111287;tgilhooly4w@tinyurl.com;male;890 Schurz Plaza;Sukowidodo Barat;1;alfa2022
178;Ferdinand;Loraine;111111288;floraine4x@alibaba.com;female;4 Blue Bill Park Center;Nama;1;alfa2022
179;Gerri;Anyon;111111289;ganyon4y@ning.com;male;153 Dottie Court;Lakateng;1;alfa2022
180;Francklyn;McCreath;111111290;fmccreath4z@statcounter.com;female;361 Bonner Drive;Xiliu;1;alfa2022
181;Alaric;De Malchar;111111291;ademalchar50@msn.com;male;63555 Forest Dale Court;Gaizhou;1;alfa2022
182;Teddy;Hambrick;111111292;thambrick51@flickr.com;female;21 Red Cloud Parkway;Duogongma;1;alfa2022
183;Pen;Pepys;111111293;ppepys52@moonfruit.com;male;22262 Westridge Terrace;Daying;1;alfa2022
184;Tremaine;Law;111111294;tlaw53@purevolume.com;female;39 Ruskin Junction;Chagou;1;alfa2022
185;Terri;Simonson;111111295;tsimonson54@vkontakte.ru;male;1544 Vidon Place;Rakvere;1;alfa2022
186;Deanna;Husband;111111296;dhusband55@deliciousdays.com;female;107 Shopko Drive;Zhongtai;1;alfa2022
187;Hermann;Smitham;111111297;hsmitham56@skype.com;male;984 Algoma Court;Xinchenglu;1;alfa2022
188;Christye;Godard;111111298;cgodard57@dailymail.co.uk;female;42051 Gulseth Hill;Ronda;1;alfa2022
189;Sayer;Ure;111111299;sure58@msn.com;male;3 Farwell Drive;Wu’erbu Baolige;1;alfa2022
190;Merrily;Dunbobbin;111111300;mdunbobbin59@go.com;female;997 Rowland Point;Tancheng;1;alfa2022
191;Debor;Carwardine;111111301;dcarwardine5a@hud.gov;male;1448 Washington Alley;Chornoliztsi;1;alfa2022
192;Frasquito;Garroway;111111302;fgarroway5b@unblog.fr;female;888 Bayside Hill;Puma;1;alfa2022
193;Rand;Quinn;111111303;rquinn5c@admin.ch;male;4195 Meadow Ridge Way;Město;1;alfa2022
194;Bethina;Gildea;111111304;bgildea5d@cnet.com;female;3297 Pearson Place;Tangping;1;alfa2022
195;Tabbi;Renvoise;111111305;trenvoise5e@google.nl;male;748 Kensington Junction;Huaqiu;1;alfa2022
196;Christal;Gollin;111111306;cgollin5f@jimdo.com;female;5225 Fairfield Park;Patong;1;alfa2022
197;Cathie;Challin;111111307;cchallin5g@desdev.cn;male;08 Lawn Alley;Ghayl Bā Wazīr;1;alfa2022
198;Abba;Blunsom;111111308;ablunsom5h@nps.gov;female;4441 Eastlawn Circle;San Juan;1;alfa2022
199;Kamila;Elizabeth;111111309;kelizabeth5i@yale.edu;male;91 Lukken Lane;Jalgung;1;alfa2022
200;Esmeralda;Ordemann;111111310;eordemann5j@google.com.au;female;53941 Summer Ridge Drive;Vom;1;alfa2022
201;Charyl;Bilsborrow;111111311;cbilsborrow5k@photobucket.com;male;93013 South Center;Fonte da Aldeia;1;alfa2022
202;Jordon;Robinson;111111312;jrobinson5l@behance.net;female;786 Glendale Terrace;Berlín;1;alfa2022
203;Sal;Shackleton;111111313;sshackleton5m@feedburner.com;male;35993 Northview Drive;Lyubimets;1;alfa2022
204;Conrade;Pears;111111314;cpears5n@sciencedaily.com;female;16629 Pepper Wood Place;Kouango;1;alfa2022
205;Ellene;Bravery;111111315;ebravery5o@wunderground.com;male;7 Moulton Park;Confey;1;alfa2022
206;Eadie;Wastall;111111316;ewastall5p@theguardian.com;female;7428 Anhalt Trail;Sumbe;1;alfa2022
207;Evania;Grigoryev;111111317;egrigoryev5q@hexun.com;male;8734 Karstens Pass;Hongcao;1;alfa2022
208;Ernestus;Andrelli;111111318;eandrelli5r@oakley.com;female;1 Starling Lane;Dzików Stary;1;alfa2022
209;Chauncey;Shalcras;111111319;cshalcras5s@businessweek.com;male;41 Raven Lane;Kangding;1;alfa2022
210;Mordy;Jorgensen;111111320;mjorgensen5t@zimbio.com;female;22860 Holy Cross Park;Severomorsk;1;alfa2022
211;Juliann;Dewer;111111321;jdewer5u@ow.ly;male;23775 Vera Alley;Tambangan;1;alfa2022
212;Say;Viney;111111322;sviney5v@etsy.com;female;7163 Cardinal Pass;Taihe;1;alfa2022
213;Deina;Wards;111111323;dwards5w@canalblog.com;male;1 Onsgard Way;Kashin;1;alfa2022
214;Augustus;Moore;111111324;amoore5x@army.mil;female;455 Mifflin Point;Sidi Lamine;1;alfa2022
215;Andriette;Drakers;111111325;adrakers5y@npr.org;male;6948 Pennsylvania Terrace;Ciudad Ojeda;1;alfa2022
216;Waring;Galiero;111111326;wgaliero5z@people.com.cn;female;10 Northland Parkway;Shebekino;1;alfa2022
217;Thelma;Joost;111111327;tjoost60@dedecms.com;male;8 Annamark Point;Stuttgart;1;alfa2022
218;Nicolais;Cuming;111111328;ncuming61@nhs.uk;female;24 Troy Avenue;Sanbaishan;1;alfa2022
219;Aileen;Pitman;111111329;apitman62@google.co.jp;male;710 Morrow Point;Osieczany;1;alfa2022
220;Mattias;Hagstone;111111330;mhagstone63@fotki.com;female;2 Welch Way;El Cortezo;1;alfa2022
221;Toddie;Scarth;111111331;tscarth64@shop-pro.jp;male;4 Surrey Pass;Güines;1;alfa2022
222;Millisent;Sowersby;111111332;msowersby65@cbc.ca;female;204 Claremont Crossing;Kvartsitnyy;1;alfa2022
223;Dana;Barefoot;111111333;dbarefoot66@blogs.com;male;62 Sage Crossing;Mayo;1;alfa2022
224;Ivory;Valintine;111111334;ivalintine67@go.com;female;29563 Commercial Center;Ponta Porã;1;alfa2022
225;Melinde;Pole;111111335;mpole68@hao123.com;male;750 Sugar Plaza;Or Yehuda;1;alfa2022
226;Elene;Bonavia;111111336;ebonavia69@dedecms.com;female;911 Loeprich Crossing;Danja;1;alfa2022
227;Maison;Boarder;111111337;mboarder6a@jugem.jp;male;58310 Lillian Crossing;Gongyi;1;alfa2022
228;Rogerio;Manklow;111111338;rmanklow6b@lulu.com;female;30 Bayside Drive;Haixing;1;alfa2022
229;Onfre;Tumilty;111111339;otumilty6c@gov.uk;male;2614 Meadow Valley Parkway;Saint-Gaudens;1;alfa2022
230;Tucky;Rulton;111111340;trulton6d@aol.com;female;49 Ramsey Point;Bohou;1;alfa2022
231;Kalvin;Markwell;111111341;kmarkwell6e@reddit.com;male;681 Huxley Terrace;Liuqiao;1;alfa2022
232;Genny;Dozdill;111111342;gdozdill6f@tuttocitta.it;female;1427 Sutherland Street;Strömsund;1;alfa2022
233;Gayle;Benion;111111343;gbenion6g@wufoo.com;male;4629 Butternut Center;Pita Kotte;1;alfa2022
234;Northrop;Guiduzzi;111111344;nguiduzzi6h@reuters.com;female;40 Barnett Trail;Daxing;1;alfa2022
235;Orv;Ladson;111111345;oladson6i@mail.ru;male;009 Westend Circle;Zapatero;1;alfa2022
236;Bealle;Keal;111111346;bkeal6j@ucoz.ru;female;1 Schiller Road;Najd al Jumā‘ī;1;alfa2022
237;Andrey;Michelet;111111347;amichelet6k@facebook.com;male;82588 Lerdahl Pass;Staraya Kupavna;1;alfa2022
238;Christen;Emblow;111111348;cemblow6l@creativecommons.org;female;4 Carey Point;Orlando;1;alfa2022
239;Myrlene;Garnsworth;111111349;mgarnsworth6m@google.co.uk;male;9 South Circle;Maisons-Alfort;1;alfa2022
240;Bertrand;Medlar;111111350;bmedlar6n@google.pl;female;391 Becker Parkway;Haokou;1;alfa2022
241;Margret;Axelbee;111111351;maxelbee6o@nasa.gov;male;74495 Kenwood Terrace;Huallanca;1;alfa2022
242;Sam;O'Heyne;111111352;soheyne6p@reference.com;female;449 Sheridan Street;Kalininskiy;1;alfa2022
243;Mari;Hullot;111111353;mhullot6q@admin.ch;male;592 Delaware Hill;Potoni;1;alfa2022
244;Claudina;Fabbri;111111354;cfabbri6r@state.tx.us;female;404 Garrison Lane;Panoongan;1;alfa2022
245;Findlay;Youdell;111111355;fyoudell6s@skype.com;male;1877 Briar Crest Junction;Oklahoma City;1;alfa2022
246;Patsy;Yule;111111356;pyule6t@ning.com;female;618 Lakewood Point;Agpangi;1;alfa2022
247;Esdras;Cockshut;111111357;ecockshut6u@woothemes.com;male;88 Jana Parkway;Geita;1;alfa2022
248;Shelba;Arnley;111111358;sarnley6v@dyndns.org;female;9 Pawling Junction;Padamulya;1;alfa2022
249;Taryn;Hannant;111111359;thannant6w@smugmug.com;male;2571 Toban Lane;Xishan;1;alfa2022
250;Joellen;Clamp;111111360;jclamp6x@posterous.com;female;2778 Sunnyside Terrace;Vrilissia;1;alfa2022
251;Rockie;Shaul;111111361;rshaul6y@acquirethisname.com;male;04460 Bartillon Parkway;Escazú;1;alfa2022
252;Townie;Jaxon;111111362;tjaxon6z@barnesandnoble.com;female;6 Spaight Place;Yaroslavl;1;alfa2022
253;Allx;Romagnosi;111111363;aromagnosi70@shareasale.com;male;13391 Coleman Road;Jūrmala;1;alfa2022
254;Teriann;Bloodworthe;111111364;tbloodworthe71@bandcamp.com;female;80194 Cherokee Court;Blumenau;1;alfa2022
255;Valerye;Gudger;111111365;vgudger72@washingtonpost.com;male;22 Warbler Center;Alta Gracia;1;alfa2022
256;Mariska;Woof;111111366;mwoof73@archive.org;female;5 Northview Plaza;Smiřice;1;alfa2022
257;Vittorio;Elliman;111111367;velliman74@elegantthemes.com;male;2 Westridge Circle;Guazacapán;1;alfa2022
258;Stu;Screeton;111111368;sscreeton75@liveinternet.ru;female;2303 Mariners Cove Way;Samborondón;1;alfa2022
259;Fabe;Lapping;111111369;flapping76@house.gov;male;864 Hanson Alley;Ekou;1;alfa2022
260;Robb;Linebarger;111111370;rlinebarger77@blogspot.com;female;21 Pennsylvania Avenue;Miaoxi;1;alfa2022
261;Joli;Bust;111111371;jbust78@plala.or.jp;male;47 Stang Lane;Wakayama-shi;1;alfa2022
262;Ursola;Cruden;111111372;ucruden79@biblegateway.com;female;41 Sunfield Road;Novaya Lyalya;1;alfa2022
263;Leanor;Formoy;111111373;lformoy7a@squarespace.com;male;9142 Basil Place;Ad Dujayl;1;alfa2022
264;Emanuele;Stede;111111374;estede7b@hp.com;female;519 Cherokee Center;Koch'ang;1;alfa2022
265;Bronnie;Kirby;111111375;bkirby7c@europa.eu;male;86 Almo Parkway;Radojevo;1;alfa2022
266;Leoine;Castello;111111376;lcastello7d@woothemes.com;female;6 Sloan Park;Pigí;1;alfa2022
267;Mei;Fumagall;111111377;mfumagall7e@instagram.com;male;749 Pleasure Street;Nandu;1;alfa2022
268;Lidia;Hurll;111111378;lhurll7f@wsj.com;female;26335 Fisk Circle;Jistebnice;1;alfa2022
269;Valera;Hillhouse;111111379;vhillhouse7g@networkadvertising.org;male;52 Bunting Alley;Niutian;1;alfa2022
270;Trista;Jefford;111111380;tjefford7h@nyu.edu;female;9 Ruskin Center;København;1;alfa2022
271;Emmalynne;Brumbye;111111381;ebrumbye7i@bloomberg.com;male;5404 Park Meadow Center;Zhanghua;1;alfa2022
272;Rainer;Kerfut;111111382;rkerfut7j@wikimedia.org;female;25372 Hoard Parkway;Ngulahan;1;alfa2022
273;Vasili;Jubb;111111383;vjubb7k@icq.com;male;82 Dakota Trail;Congas;1;alfa2022
274;Luci;Sorel;111111384;lsorel7l@dropbox.com;female;17796 Duke Junction;Melaka;1;alfa2022
275;Valle;Brissard;111111385;vbrissard7m@usgs.gov;male;85862 Sunnyside Park;Puerto Deseado;1;alfa2022
276;Gordie;Rayworth;111111386;grayworth7n@army.mil;female;055 Little Fleur Avenue;Buzen;1;alfa2022
277;Gabriellia;Yurenev;111111387;gyurenev7o@uol.com.br;male;3396 Elmside Street;Linxia Chengguanzhen;1;alfa2022
278;Buffy;Tarbin;111111388;btarbin7p@go.com;female;1766 Village Place;Jales;1;alfa2022
279;Vivien;Gatheral;111111389;vgatheral7q@uol.com.br;male;30 Northland Way;Boychinovtsi;1;alfa2022
280;Gae;Fodden;111111390;gfodden7r@answers.com;female;16 Rockefeller Street;Tanlad;1;alfa2022
281;Shell;Smithen;111111391;ssmithen7s@imdb.com;male;82 Stone Corner Avenue;Fukiage-fujimi;1;alfa2022
282;Raeann;Hegel;111111392;rhegel7t@hud.gov;female;0401 Maple Wood Pass;Vidin;1;alfa2022
283;Alicea;Bragge;111111393;abragge7u@woothemes.com;male;35 Warner Circle;Longsheng;1;alfa2022
284;Anders;Jorcke;111111394;ajorcke7v@deliciousdays.com;female;45914 Blaine Point;Cheb;1;alfa2022
285;Ashli;Wikey;111111395;awikey7w@typepad.com;male;326 Stuart Drive;Oxelösund;1;alfa2022
286;York;Ogilby;111111396;yogilby7x@army.mil;female;5 Macpherson Pass;Emmen;1;alfa2022
287;Shirleen;McGhee;111111397;smcghee7y@cmu.edu;male;0209 Moose Center;Arroyo Seco;1;alfa2022
288;Deirdre;Draycott;111111398;ddraycott7z@nifty.com;female;15 Reinke Junction;Umeå;1;alfa2022
289;Lynnea;Walkingshaw;111111399;lwalkingshaw80@cloudflare.com;male;91 Cody Lane;Jianchang;1;alfa2022
290;Henderson;Matzl;111111400;hmatzl81@seesaa.net;female;26 Warner Point;Luoyang;1;alfa2022
291;Deedee;Hoggetts;111111401;dhoggetts82@statcounter.com;male;08093 Hermina Park;Santa Luċija;1;alfa2022
292;Dewie;Trinder;111111402;dtrinder83@github.io;female;182 Crowley Plaza;Żórawina;1;alfa2022
293;Loralee;Woodworth;111111403;lwoodworth84@accuweather.com;male;865 Fordem Road;Ondores;1;alfa2022
294;Steffie;Bonnar;111111404;sbonnar85@harvard.edu;female;7 Waubesa Point;Abū Sunbul;1;alfa2022
295;Drusi;Darth;111111405;ddarth86@discuz.net;male;9775 Nobel Park;Bobrowice;1;alfa2022
296;Bobbie;Ruffler;111111406;bruffler87@sphinn.com;female;7771 Washington Hill;Acobambilla;1;alfa2022
297;Lars;Girtin;111111407;lgirtin88@odnoklassniki.ru;male;76954 Mosinee Court;Fangtian;1;alfa2022
298;Oby;Canape;111111408;ocanape89@kickstarter.com;female;2675 Carberry Alley;Tubalan;1;alfa2022
299;Lianne;Blackboro;111111409;lblackboro8a@spotify.com;male;95092 Bonner Terrace;Ararat;1;alfa2022
300;Humphrey;Guillem;111111410;hguillem8b@ed.gov;female;8 Springview Road;Jubb Ramlah;1;alfa2022
301;Brenden;Orsi;111111411;borsi8c@chronoengine.com;male;39168 Melvin Trail;Alindao;1;alfa2022
302;Paolo;Mears;111111412;pmears8d@twitter.com;female;571 Jenna Junction;Zhuravka;1;alfa2022
303;Fidelio;Vest;111111413;fvest8e@ucla.edu;male;19 Ohio Court;Lila;1;alfa2022
304;Bartholomeo;Marchand;111111414;bmarchand8f@whitehouse.gov;female;8 Gulseth Court;Linquan;1;alfa2022
305;Natasha;Steabler;111111415;nsteabler8g@bloglovin.com;male;37265 Commercial Trail;Vila Fria;1;alfa2022
306;Corbet;Gowthorpe;111111416;cgowthorpe8h@tuttocitta.it;female;9307 Corscot Drive;Weekaka;1;alfa2022
307;Anna-maria;Claire;111111417;aclaire8i@weather.com;male;61 Melody Crossing;Bennäs;1;alfa2022
308;Art;Indge;111111418;aindge8j@google.co.uk;female;61367 Toban Avenue;Pagnag;1;alfa2022
309;Joshua;Commusso;111111419;jcommusso8k@google.ca;male;63277 Spaight Road;Hikari;1;alfa2022
310;Demeter;Crosier;111111420;dcrosier8l@blinklist.com;female;926 Spenser Way;Panjakent;1;alfa2022
311;Rudolf;Jennens;111111421;rjennens8m@freewebs.com;male;80 Schurz Alley;Mobile;1;alfa2022
312;Terrijo;Cloney;111111422;tcloney8n@intel.com;female;502 Sutherland Alley;Yukhnov;1;alfa2022
313;Byram;Girodier;111111423;bgirodier8o@dmoz.org;male;1 Dapin Crossing;Prabuty;1;alfa2022
314;Salem;Dudenie;111111424;sdudenie8p@cdc.gov;female;944 Coleman Parkway;Yumani;1;alfa2022
315;Yasmin;Mordaunt;111111425;ymordaunt8q@miibeian.gov.cn;male;991 Esker Trail;Sonorejo;1;alfa2022
316;Madalyn;Macieja;111111426;mmacieja8r@google.de;female;84836 Debra Plaza;Sukodono;1;alfa2022
317;Asia;Borsay;111111427;aborsay8s@devhub.com;male;0317 Logan Way;Saquarema;1;alfa2022
318;Sammy;Davidof;111111428;sdavidof8t@shareasale.com;female;737 Lake View Pass;Tiglauigan;1;alfa2022
319;Tobe;Crookshank;111111429;tcrookshank8u@google.ru;male;8952 Farmco Alley;Rio das Pedras;1;alfa2022
320;Miguel;Chellenham;111111430;mchellenham8v@mail.ru;female;771 Golf View Pass;Hirosaki;1;alfa2022
321;Rosemary;Ionesco;111111431;rionesco8w@uiuc.edu;male;7142 Independence Hill;Senta;1;alfa2022
322;Kellby;Trinkwon;111111432;ktrinkwon8x@shop-pro.jp;female;51 Hermina Court;Katsina;1;alfa2022
323;Burg;Wixey;111111433;bwixey8y@163.com;male;0 Golf Course Plaza;Ngundaan;1;alfa2022
324;Lula;Ingerson;111111434;lingerson8z@google.cn;female;744 North Trail;Tabant;1;alfa2022
325;Debor;Pincked;111111435;dpincked90@goo.gl;male;592 Corry Way;Krajan;1;alfa2022
326;Teodor;Steere;111111436;tsteere91@comsenz.com;female;9437 Morningstar Terrace;Lokossa;1;alfa2022
327;Gwenette;Kimm;111111437;gkimm92@globo.com;male;38 Fuller Parkway;Njeru;1;alfa2022
328;Brendin;Tonepohl;111111438;btonepohl93@devhub.com;female;1072 Grayhawk Pass;Mangseng;1;alfa2022
329;Corliss;Fullom;111111439;cfullom94@ehow.com;male;3 Roth Trail;Novyy Svit;1;alfa2022
330;Emeline;Campa;111111440;ecampa95@hexun.com;female;722 Troy Junction;Yacheng;1;alfa2022
331;Elihu;Bresson;111111441;ebresson96@slideshare.net;male;92 Columbus Way;Hulitu;1;alfa2022
332;Marjy;Sucre;111111442;msucre97@tmall.com;female;75 Fremont Street;Atyrá;1;alfa2022
333;Gerianne;Dalzell;111111443;gdalzell98@indiegogo.com;male;1 Red Cloud Terrace;Parung;1;alfa2022
334;Meier;Rodgerson;111111444;mrodgerson99@unesco.org;female;29026 Holy Cross Junction;Daxi;1;alfa2022
335;Kennie;Kemet;111111445;kkemet9a@cmu.edu;male;527 Blue Bill Park Terrace;Bugul’ma;1;alfa2022
336;Casper;Stookes;111111446;cstookes9b@indiegogo.com;female;97 Southridge Court;Semey;1;alfa2022
337;Woodman;Klimowski;111111447;wklimowski9c@about.com;male;41881 Reindahl Alley;Agios Dimitrios;1;alfa2022
338;Karlens;Edlestone;111111448;kedlestone9d@sfgate.com;female;3102 Larry Plaza;Portela;1;alfa2022
339;Manda;Pearsey;111111449;mpearsey9e@hexun.com;male;7 Shopko Hill;Nowogard;1;alfa2022
340;Ettie;Goosnell;111111450;egoosnell9f@wordpress.com;female;8611 Nevada Trail;Mouzáki;1;alfa2022
341;Ferdinand;Gurko;111111451;fgurko9g@slideshare.net;male;98598 Redwing Point;Belo sur Tsiribihina;1;alfa2022
342;Sean;Doig;111111452;sdoig9h@webeden.co.uk;female;9 Donald Point;Shatki;1;alfa2022
343;Garey;Madeley;111111453;gmadeley9i@angelfire.com;male;96 Nancy Court;Dmitriyevskoye;1;alfa2022
344;Clarke;Doughill;111111454;cdoughill9j@xrea.com;female;600 Arapahoe Plaza;Fatukanutu;1;alfa2022
345;Johnathon;Wintersgill;111111455;jwintersgill9k@admin.ch;male;753 Paget Road;Demir Hisar;1;alfa2022
346;Culver;Caldayrou;111111456;ccaldayrou9l@rakuten.co.jp;female;0370 Welch Hill;Szczecin;1;alfa2022
347;Bettye;Glencrosche;111111457;bglencrosche9m@cnn.com;male;7664 Longview Crossing;Yuetang;1;alfa2022
348;Berta;Stonhewer;111111458;bstonhewer9n@multiply.com;female;6 Gina Hill;Kalahang;1;alfa2022
349;Jeane;Odger;111111459;jodger9o@ehow.com;male;41 Morrow Lane;Louiseville;1;alfa2022
350;Claresta;Lowten;111111460;clowten9p@google.cn;female;258 Victoria Center;Datong;1;alfa2022
351;Birdie;Chamberlain;111111461;bchamberlain9q@live.com;male;876 Mockingbird Parkway;Tete;1;alfa2022
352;Erick;Keeley;111111462;ekeeley9r@xrea.com;female;285 Carioca Plaza;Cilampuyang;1;alfa2022
353;Sandi;Gemelli;111111463;sgemelli9s@google.ca;male;41 Division Crossing;Lenīnskīy;1;alfa2022
354;Genna;Lupson;111111464;glupson9t@ovh.net;female;6 Little Fleur Circle;Changma;1;alfa2022
355;Nichole;Huncoot;111111465;nhuncoot9u@ihg.com;male;99339 Sachtjen Park;Tlumačov;1;alfa2022
356;Nikki;Runnett;111111466;nrunnett9v@mysql.com;female;6872 Florence Point;Komsomol’sk;1;alfa2022
357;Charis;Wade;111111467;cwade9w@auda.org.au;male;10 Jenifer Center;Priozërsk;1;alfa2022
358;Andros;Chattington;111111468;achattington9x@hhs.gov;female;815 Melby Point;Ust’-Kut;1;alfa2022
359;Cher;Mosdall;111111469;cmosdall9y@virginia.edu;male;45 Sunfield Lane;Larvik;1;alfa2022
360;Benoite;Dissman;111111470;bdissman9z@wordpress.org;female;1517 Claremont Place;Aţ Ţawāḩīn;1;alfa2022
361;Feliks;Knibley;111111471;fknibleya0@fc2.com;male;2998 Manitowish Trail;San Basilio;1;alfa2022
362;Moritz;Fonzo;111111472;mfonzoa1@stumbleupon.com;female;7 Garrison Point;Kotel’va;1;alfa2022
363;Dallas;Perrycost;111111473;dperrycosta2@discuz.net;male;91 Southridge Park;Tizguine;1;alfa2022
364;Martainn;Chatres;111111474;mchatresa3@fastcompany.com;female;842 Roth Pass;Bandeirantes;1;alfa2022
365;Cecilia;O'Dulchonta;111111475;codulchontaa4@engadget.com;male;6 Prentice Street;Berģi;1;alfa2022
366;Irwinn;Pennick;111111476;ipennicka5@list-manage.com;female;099 Crescent Oaks Junction;Al ‘Awjā;1;alfa2022
367;Tore;Chapier;111111477;tchapiera6@hao123.com;male;6 Crescent Oaks Way;Tríkala;1;alfa2022
368;Fonsie;Klais;111111478;fklaisa7@bandcamp.com;female;11 Jackson Park;Sabandia;1;alfa2022
369;Kaye;Crumbleholme;111111479;kcrumbleholmea8@howstuffworks.com;male;08 Carberry Lane;Moholm;1;alfa2022
370;Sallee;Wentworth;111111480;swentwortha9@army.mil;female;562 Paget Trail;Balaklava;1;alfa2022
371;Duane;Ryburn;111111481;dryburnaa@spiegel.de;male;31691 Tennyson Pass;Dhidhdhoo;1;alfa2022
372;Murdock;Cotterill;111111482;mcotterillab@google.fr;female;88 Melvin Plaza;Tōgane;1;alfa2022
373;Johannah;Nizet;111111483;jnizetac@wired.com;male;333 Claremont Place;Žacléř;1;alfa2022
374;Antonie;Boulden;111111484;abouldenad@rediff.com;female;72438 Fuller Crossing;Brooklyn;1;alfa2022
375;Suzanna;Cordingley;111111485;scordingleyae@parallels.com;male;48708 Red Cloud Lane;Devon;1;alfa2022
376;Rennie;Condliffe;111111486;rcondliffeaf@wiley.com;female;83756 Old Gate Road;Koz’modem’yansk;1;alfa2022
377;Alysa;O' Finan;111111487;aofinanag@home.pl;male;8264 Redwing Avenue;Penápolis;1;alfa2022
378;Kaila;Cripin;111111488;kcripinah@sitemeter.com;female;003 Magdeline Alley;Comalapa;1;alfa2022
379;Jaquelyn;Quenby;111111489;jquenbyai@nba.com;male;98769 Express Place;Hanzhong;1;alfa2022
380;Ginger;Maber;111111490;gmaberaj@dion.ne.jp;female;052 Barnett Alley;Xinxing;1;alfa2022
381;Constantia;Workes;111111491;cworkesak@go.com;male;35 Bashford Terrace;Lens;1;alfa2022
382;Amber;Sheddan;111111492;asheddanal@time.com;female;26728 Gina Park;Senduro;1;alfa2022
383;Virgie;Rounding;111111493;vroundingam@cdc.gov;male;75848 Crownhardt Trail;Formiga;1;alfa2022
384;Scot;Pellew;111111494;spellewan@epa.gov;female;094 Ridgeview Street;Hino;1;alfa2022
385;Annadiane;Mackison;111111495;amackisonao@google.co.uk;male;067 Blaine Court;Salingogan;1;alfa2022
386;Yorker;Ashard;111111496;yashardap@amazon.com;female;2916 Sutherland Hill;Zaragoza;1;alfa2022
387;Ange;Farnaby;111111497;afarnabyaq@blinklist.com;male;56421 Glacier Hill Parkway;Krajan Satu;1;alfa2022
388;Costanza;Raisbeck;111111498;craisbeckar@paginegialle.it;female;3951 Everett Court;Jingguan;1;alfa2022
389;Edee;Bunney;111111499;ebunneyas@scientificamerican.com;male;859 Brickson Park Junction;Esquipulas;1;alfa2022
390;Liliane;Cowcha;111111500;lcowchaat@europa.eu;female;230 Melrose Trail;Grigoropolisskaya;1;alfa2022
391;Lorilyn;McIllroy;111111501;lmcillroyau@reuters.com;male;236 Talisman Place;Xinchengpu;1;alfa2022
392;Gonzalo;Larcier;111111502;glarcierav@mtv.com;female;97691 Buell Place;Woniuhe;1;alfa2022
393;Zora;Lamps;111111503;zlampsaw@nps.gov;male;5 Warbler Place;Ashkāsham;1;alfa2022
394;Sherilyn;Lanceley;111111504;slanceleyax@amazon.de;female;13 Rieder Pass;San Juan;1;alfa2022
395;Ricki;Lampen;111111505;rlampenay@delicious.com;male;8 Nobel Park;Kapsan-ŭp;1;alfa2022
396;Arabel;Bardsley;111111506;abardsleyaz@japanpost.jp;female;995 Del Sol Center;Gaolong;1;alfa2022
397;Jody;Bart;111111507;jbartb0@zdnet.com;male;02794 Gale Drive;Thanh Chương;1;alfa2022
398;Odie;Snare;111111508;osnareb1@sohu.com;female;7 Marquette Lane;Pandat;1;alfa2022
399;Bev;Bedborough;111111509;bbedboroughb2@gnu.org;male;98 Cody Point;Ko Pha Ngan;1;alfa2022
400;Olenka;Grimston;111111510;ogrimstonb3@biglobe.ne.jp;female;11 Lakeland Circle;Jibu;1;alfa2022
401;Leah;Durkin;111111511;ldurkinb4@webnode.com;male;30 Kinsman Center;Březová;1;alfa2022
402;Clea;Parcall;111111512;cparcallb5@forbes.com;female;00042 Arrowood Avenue;Lakeland;1;alfa2022
403;Tony;Mouat;111111513;tmouatb6@instagram.com;male;853 Stang Lane;Cruz;1;alfa2022
404;Andre;Fido;111111514;afidob7@archive.org;female;611 Donald Crossing;Lodja;1;alfa2022
405;Astra;O'Tierney;111111515;aotierneyb8@4shared.com;male;6001 Eastwood Park;Banjar Dukuh;1;alfa2022
406;Karoly;Sibray;111111516;ksibrayb9@histats.com;female;990 Dwight Way;Arīḩā;1;alfa2022
407;Glenine;Fidoe;111111517;gfidoeba@goo.gl;male;4773 Manitowish Street;Orlovskiy;1;alfa2022
408;Syman;Petticrow;111111518;spetticrowbb@cornell.edu;female;6281 Toban Place;Trnovska Vas;1;alfa2022
409;Kevan;Brownfield;111111519;kbrownfieldbc@ovh.net;male;78132 Oneill Park;Bang Bo;1;alfa2022
410;Haroun;Muspratt;111111520;hmusprattbd@princeton.edu;female;398 Sherman Park;Tertek;1;alfa2022
411;Tito;Gillespie;111111521;tgillespiebe@hud.gov;male;307 Clyde Gallagher Crossing;Troitskiy;1;alfa2022
412;Jolynn;Tatlow;111111522;jtatlowbf@ebay.co.uk;female;4 Del Sol Way;Tembilahan;1;alfa2022
413;Winifred;Stening;111111523;wsteningbg@seattletimes.com;male;670 Ludington Point;Luzino;1;alfa2022
414;Lyman;Castagnier;111111524;lcastagnierbh@boston.com;female;4 Nobel Road;Balibago;1;alfa2022
415;Vania;McIlveen;111111525;vmcilveenbi@marketwatch.com;male;17 Jana Street;Luoqi;1;alfa2022
416;Licha;Copyn;111111526;lcopynbj@boston.com;female;4 Dunning Drive;Cikabuyutan Barat;1;alfa2022
417;Tana;Bonhan;111111527;tbonhanbk@state.tx.us;male;8 Sullivan Junction;Jiuquan;1;alfa2022
418;Farrell;Bathow;111111528;fbathowbl@mtv.com;female;15144 Ridgeview Terrace;Abastumani;1;alfa2022
419;Farica;Sherry;111111529;fsherrybm@privacy.gov.au;male;580 Wayridge Plaza;Jurovski Dol;1;alfa2022
420;Glad;Gluyas;111111530;ggluyasbn@i2i.jp;female;0 Hooker Crossing;Pledo;1;alfa2022
421;Connie;Gillum;111111531;cgillumbo@purevolume.com;male;93 Algoma Avenue;Haolin;1;alfa2022
422;Fabian;Dadd;111111532;fdaddbp@flickr.com;female;52210 Vermont Pass;Kebonan;1;alfa2022
423;Hetty;Hallows;111111533;hhallowsbq@miitbeian.gov.cn;male;28832 Fallview Point;Da’anshan;1;alfa2022
424;Casey;McGunley;111111534;cmcgunleybr@wix.com;female;92 Cascade Junction;Juarez;1;alfa2022
425;Yorgo;McCurrie;111111535;ymccurriebs@moonfruit.com;male;45302 Fulton Way;Bom Jesus da Lapa;1;alfa2022
426;Gail;Scyone;111111536;gscyonebt@t-online.de;female;3 Eliot Place;Bugojno;1;alfa2022
427;Karna;Smidmore;111111537;ksmidmorebu@issuu.com;male;39224 Namekagon Court;Jipijapa;1;alfa2022
428;Eveline;Boog;111111538;eboogbv@angelfire.com;female;1961 Waubesa Street;Pontian;1;alfa2022
429;Ulick;Montfort;111111539;umontfortbw@uiuc.edu;male;44 Northridge Lane;Bayshint;1;alfa2022
430;Gilligan;Pinckney;111111540;gpinckneybx@sun.com;female;229 Pierstorff Court;Svalöv;1;alfa2022
431;Chrisse;Duggen;111111541;cduggenby@intel.com;male;24 Hazelcrest Junction;Yupiltepeque;1;alfa2022
432;Alisander;Wreford;111111542;awrefordbz@cafepress.com;female;29 Judy Point;Bergen;1;alfa2022
433;Pansy;Oddy;111111543;poddyc0@blogs.com;male;7 Ilene Trail;Sonlit;1;alfa2022
434;Hadria;Moodycliffe;111111544;hmoodycliffec1@unblog.fr;female;5952 Del Sol Alley;Tanabe;1;alfa2022
435;Lorrie;Evered;111111545;leveredc2@myspace.com;male;6 New Castle Park;Victoria;1;alfa2022
436;Lydon;Scadden;111111546;lscaddenc3@rakuten.co.jp;female;575 Starling Lane;Leiden;1;alfa2022
437;Clay;Barfford;111111547;cbarffordc4@squidoo.com;male;7182 Lotheville Street;Noupoort;1;alfa2022
438;Devon;Rosewarne;111111548;drosewarnec5@nydailynews.com;female;12 Meadow Vale Parkway;Usu;1;alfa2022
439;Ruthann;Heinritz;111111549;rheinritzc6@gmpg.org;male;04 Logan Way;Áno Kómi;1;alfa2022
440;Iago;Ahmed;111111550;iahmedc7@google.ru;female;2 Alpine Hill;Chunhua;1;alfa2022
441;Austin;Lenormand;111111551;alenormandc8@buzzfeed.com;male;014 Express Plaza;Strathmore;1;alfa2022
442;Harald;Rudgard;111111552;hrudgardc9@hud.gov;female;8 Dovetail Circle;Ibagué;1;alfa2022
443;Laura;Reubel;111111553;lreubelca@domainmarket.com;male;250 Mariners Cove Hill;Verkhn’odniprovs’k;1;alfa2022
444;Baily;Sole;111111554;bsolecb@behance.net;female;75974 Lien Terrace;Vårby;1;alfa2022
445;Maighdiln;Mannering;111111555;mmanneringcc@constantcontact.com;male;54 Independence Parkway;Yong’an;1;alfa2022
446;Claudelle;Hanley;111111556;chanleycd@va.gov;female;2 Maple Wood Park;Kuching;1;alfa2022
447;Ricoriki;Heugle;111111557;rheuglece@youtube.com;male;6 Holmberg Lane;Zhangbagou;1;alfa2022
448;Taryn;Kmiec;111111558;tkmieccf@weibo.com;female;5 Dorton Crossing;Obertyn;1;alfa2022
449;Sheppard;McKissack;111111559;smckissackcg@gizmodo.com;male;6 Spohn Junction;Krajan Tanjungrejo;1;alfa2022
450;Efrem;Tzarkov;111111560;etzarkovch@cbsnews.com;female;1859 Dorton Junction;Pontevedra;1;alfa2022
451;Mychal;Khalid;111111561;mkhalidci@usnews.com;male;6 Burning Wood Crossing;Joliet;1;alfa2022
452;Amalia;Tasch;111111562;ataschcj@a8.net;female;89176 Maple Circle;Vannes;1;alfa2022
453;Arman;Pellew;111111563;apellewck@cdbaby.com;male;694 Eastlawn Terrace;Tagakpan;1;alfa2022
454;Tallie;Dyos;111111564;tdyoscl@aboutads.info;female;3 Karstens Hill;Ke’erlun;1;alfa2022
455;Nelly;Blakey;111111565;nblakeycm@51.la;male;5722 Columbus Parkway;Mandōl;1;alfa2022
456;Hughie;Grubey;111111566;hgrubeycn@eepurl.com;female;5 Lawn Circle;Nong Phok;1;alfa2022
457;Rosemarie;Mullany;111111567;rmullanyco@msn.com;male;2 Almo Place;Zābolī;1;alfa2022
458;Ivor;MacGray;111111568;imacgraycp@wsj.com;female;6936 Russell Center;Centre de Flacq;1;alfa2022
459;Tommi;Ginley;111111569;tginleycq@pagesperso-orange.fr;male;4 6th Avenue;Sekirnik;1;alfa2022
460;Anatola;Grindell;111111570;agrindellcr@huffingtonpost.com;female;47 Green Point;Changle;1;alfa2022
461;Cecilia;Garshore;111111571;cgarshorecs@themeforest.net;male;528 Haas Drive;Emiliano Zapata;1;alfa2022
462;Parnell;Scartifield;111111572;pscartifieldct@wp.com;female;0 Pleasure Place;Stulovo;1;alfa2022
463;Ethelred;Goodere;111111573;egooderecu@sina.com.cn;male;3480 Messerschmidt Court;Pravda;1;alfa2022
464;Saul;Brice;111111574;sbricecv@diigo.com;female;57 Hooker Circle;Huazhou;1;alfa2022
465;Wendell;Bean;111111575;wbeancw@usnews.com;male;91968 Cardinal Park;Kasreman Wetan;1;alfa2022
466;Darryl;Aikin;111111576;daikincx@huffingtonpost.com;female;9819 Sommers Crossing;Spasskoye-Lutovinovo;1;alfa2022
467;Jacquetta;Hatter;111111577;jhattercy@printfriendly.com;male;3694 Towne Parkway;Miaofengshan;1;alfa2022
468;Vassily;Whorton;111111578;vwhortoncz@cocolog-nifty.com;female;79 Beilfuss Trail;Sananrejo;1;alfa2022
469;Laney;Bartlam;111111579;lbartlamd0@vimeo.com;male;84 Crowley Trail;Namysłów;1;alfa2022
470;Kiley;Tarver;111111580;ktarverd1@army.mil;female;27 Westport Parkway;Jand;1;alfa2022
471;Temple;Puddin;111111581;tpuddind2@mozilla.org;male;690 Bonner Street;Frankfort;1;alfa2022
472;Sarajane;Ridsdell;111111582;sridsdelld3@so-net.ne.jp;female;75422 Florence Point;Shatian;1;alfa2022
473;Pavia;Bytheway;111111583;pbythewayd4@spotify.com;male;5569 Walton Center;Üydzen;1;alfa2022
474;Kenna;Trippett;111111584;ktrippettd5@scribd.com;female;7 Heath Court;Ambatolampy;1;alfa2022
475;Felipe;Pridding;111111585;fpriddingd6@arstechnica.com;male;170 Alpine Alley;Ashgabat;1;alfa2022
476;Clarissa;M'Chirrie;111111586;cmchirried7@elpais.com;female;58051 Sunfield Center;Rudnik;1;alfa2022
477;Taylor;Kroch;111111587;tkrochd8@samsung.com;male;88 Del Mar Avenue;Bol’shoy Kamen’;1;alfa2022
478;Lind;McKoy;111111588;lmckoyd9@i2i.jp;female;32990 Russell Circle;Smyków;1;alfa2022
479;Shaylyn;McIlreavy;111111589;smcilreavyda@4shared.com;male;1761 Pawling Alley;Malabang;1;alfa2022
480;Pail;Fordy;111111590;pfordydb@gizmodo.com;female;8 Morningstar Circle;Apeldoorn;1;alfa2022
481;Constancia;Haslewood;111111591;chaslewooddc@blog.com;male;4 Northland Hill;Santiago;1;alfa2022
482;Devy;Coopman;111111592;dcoopmandd@abc.net.au;female;22 Johnson Way;Salinópolis;1;alfa2022
483;Pearla;Whightman;111111593;pwhightmande@berkeley.edu;male;4539 Delaware Center;Reina Mercedes;1;alfa2022
484;Bea;Grimmer;111111594;bgrimmerdf@lycos.com;female;1474 Donald Place;Vuka;1;alfa2022
485;Ave;Bursnell;111111595;abursnelldg@hugedomains.com;male;63239 Tennessee Road;Herne;1;alfa2022
486;Truman;Maruszewski;111111596;tmaruszewskidh@princeton.edu;female;792 Orin Crossing;Serra D'El Rei;1;alfa2022
487;Rutter;Rushmare;111111597;rrushmaredi@instagram.com;male;869 Hermina Crossing;Rosetta;1;alfa2022
488;Zach;Balharry;111111598;zbalharrydj@boston.com;female;49 Mallory Crossing;Xinsheng;1;alfa2022
489;Quinlan;De Biasio;111111599;qdebiasiodk@shareasale.com;male;7 Mccormick Pass;Santo Aleixo;1;alfa2022
490;Berty;Preddy;111111600;bpreddydl@prnewswire.com;female;87 Blue Bill Park Lane;Karangasem;1;alfa2022
491;Edee;Goodship;111111601;egoodshipdm@state.gov;male;1420 David Park;Pagangan;1;alfa2022
492;Thaine;Nerheny;111111602;tnerhenydn@senate.gov;female;17 Katie Trail;Radomir;1;alfa2022
493;Arlena;Dougliss;111111603;adouglissdo@list-manage.com;male;292 Calypso Court;Marseille;1;alfa2022
494;Linzy;Jonah;111111604;ljonahdp@washingtonpost.com;female;24 Loomis Drive;Liang;1;alfa2022
495;Ramonda;Coggles;111111605;rcogglesdq@blogtalkradio.com;male;50961 Lakeland Plaza;Pajé;1;alfa2022
496;Crystie;Baddow;111111606;cbaddowdr@surveymonkey.com;female;730 Wayridge Place;Västerås;1;alfa2022
497;Poppy;Walesby;111111607;pwalesbyds@princeton.edu;male;4 Myrtle Road;Barbacoas;1;alfa2022
498;Salmon;Ragsdall;111111608;sragsdalldt@over-blog.com;female;09 Messerschmidt Avenue;Erétria;1;alfa2022
499;Emile;Gaddes;111111609;egaddesdu@newsvine.com;male;928 Spohn Avenue;Solna;1;alfa2022
500;Margarethe;Drever;111111610;mdreverdv@netlog.com;female;373 Iowa Circle;Santa Cruz del Quiché;1;alfa2022
501;Libbey;Sertin;111111611;lsertindw@altervista.org;male;73 Eggendart Trail;Lévis;1;alfa2022
502;Michaelina;Toghill;111111612;mtoghilldx@uol.com.br;female;4362 Mcguire Place;Konga;1;alfa2022
503;Carolynn;Frost;111111613;cfrostdy@pagesperso-orange.fr;male;705 Esker Trail;Oke Iho;1;alfa2022
504;Aubrette;Ivain;111111614;aivaindz@wikia.com;female;384 Bartillon Circle;Boudinar;1;alfa2022
505;Paule;Domerque;111111615;pdomerquee0@etsy.com;male;469 Service Place;Zdenci;1;alfa2022
506;Jourdain;Gilpillan;111111616;jgilpillane1@friendfeed.com;female;6 Oneill Drive;Kyaukse;1;alfa2022
507;Estella;Lyffe;111111617;elyffee2@1und1.de;male;609 Knutson Road;Klos;1;alfa2022
508;Reina;Drewell;111111618;rdrewelle3@hibu.com;female;000 Gerald Crossing;Palhais;1;alfa2022
509;Iain;Roncelli;111111619;ironcellie4@desdev.cn;male;32717 Reindahl Junction;Ríohacha;1;alfa2022
510;Hersch;Guerner;111111620;hguernere5@google.com.br;female;3361 Erie Street;Kannus;1;alfa2022
511;Leola;Canario;111111621;lcanarioe6@hao123.com;male;910 Farragut Crossing;Jingmen;1;alfa2022
512;Tanny;Leakner;111111622;tleaknere7@irs.gov;female;79184 Welch Parkway;Ratoath;1;alfa2022
513;Igor;Derry;111111623;iderrye8@google.com.hk;male;309 David Lane;Luhanka;1;alfa2022
514;Marcelle;Rennenbach;111111624;mrennenbache9@ovh.net;female;81219 Schurz Pass;Shreveport;1;alfa2022
515;Ariella;Croce;111111625;acroceea@whitehouse.gov;male;482 Manufacturers Street;Phultala;1;alfa2022
516;Dale;Bravington;111111626;dbravingtoneb@usatoday.com;female;0475 Bultman Drive;Bautista;1;alfa2022
517;Ker;Howland;111111627;khowlandec@constantcontact.com;male;137 Bultman Hill;Santa Ana;1;alfa2022
518;Griz;Nickell;111111628;gnickelled@hexun.com;female;0683 Upham Park;Planaltina;1;alfa2022
519;Felicdad;Chown;111111629;fchownee@msu.edu;male;94 Trailsway Crossing;Chişinău;1;alfa2022
520;Khalil;Whatson;111111630;kwhatsonef@google.fr;female;16 Hagan Place;Storozhynets’;1;alfa2022
521;Flore;Parkman;111111631;fparkmaneg@spiegel.de;male;91 Cardinal Center;Shang Boingor;1;alfa2022
522;Poppy;Fouch;111111632;pfoucheh@geocities.jp;female;470 Old Gate Junction;Tumaco;1;alfa2022
523;Allyson;Pavlik;111111633;apavlikei@google.de;male;25599 Russell Center;San Martín;1;alfa2022
524;Lena;Flintiff;111111634;lflintiffej@ow.ly;female;2225 Homewood Street;Norrköping;1;alfa2022
525;Cacilie;Elsip;111111635;celsipek@ibm.com;male;714 Eagle Crest Park;Pho Thong;1;alfa2022
526;Jocelin;Turbefield;111111636;jturbefieldel@sciencedirect.com;female;93710 Menomonie Lane;Kant;1;alfa2022
527;Harlin;Rookeby;111111637;hrookebyem@live.com;male;16645 Ramsey Pass;Hongxing;1;alfa2022
528;Stern;Michal;111111638;smichalen@sun.com;female;33 Jenna Place;Khabarovsk;1;alfa2022
529;Mikael;Menicomb;111111639;mmenicombeo@dedecms.com;male;85965 Granby Crossing;Zaña;1;alfa2022
530;Nehemiah;McAllen;111111640;nmcallenep@cpanel.net;female;6 Prentice Alley;Nanyaojie;1;alfa2022
531;Farley;Hould;111111641;fhouldeq@senate.gov;male;898 Pearson Court;Kuwayris Sharqī;1;alfa2022
532;Hale;Tal;111111642;htaler@amazon.co.uk;female;4318 David Court;Hannover;1;alfa2022
533;Allie;Thayre;111111643;athayrees@state.gov;male;765 Westend Crossing;Promna;1;alfa2022
534;Janene;Barrar;111111644;jbarraret@ezinearticles.com;female;8547 Stoughton Terrace;Ibotirama;1;alfa2022
535;Sella;Mcettrick;111111645;smcettrickeu@usatoday.com;male;6565 Talmadge Place;Manga;1;alfa2022
536;Kele;Billett;111111646;kbillettev@statcounter.com;female;41335 Stephen Alley;Kołbaskowo;1;alfa2022
537;Bourke;Hinge;111111647;bhingeew@wordpress.com;male;22690 Miller Circle;Malaga;1;alfa2022
538;Scottie;Chesworth;111111648;schesworthex@exblog.jp;female;4 Lakewood Gardens Avenue;Nowlamary;1;alfa2022
539;Milli;Wason;111111649;mwasoney@examiner.com;male;1 Golden Leaf Lane;Nam Som;1;alfa2022
540;Guglielmo;Banting;111111650;gbantingez@blogs.com;female;8241 Jay Lane;Kedian;1;alfa2022
541;Haleigh;Birchall;111111651;hbirchallf0@amazon.co.uk;male;79 Hazelcrest Junction;Tlogotunggal;1;alfa2022
542;Edouard;Dies;111111652;ediesf1@fema.gov;female;72000 Ridgeview Circle;Pabean;1;alfa2022
543;Dyanna;Austin;111111653;daustinf2@oracle.com;male;27 Moland Alley;Limeira;1;alfa2022
544;Crissie;Berford;111111654;cberfordf3@last.fm;female;9 Prairieview Terrace;Mogilany;1;alfa2022
545;Kira;Mulqueeny;111111655;kmulqueenyf4@archive.org;male;195 Clarendon Road;Chrást;1;alfa2022
546;Torry;Yakubovics;111111656;tyakubovicsf5@de.vu;female;871 Leroy Lane;Darenzhuang;1;alfa2022
547;Jobina;Ramel;111111657;jramelf6@webs.com;male;082 Morrow Street;Agdzhabedy;1;alfa2022
548;Vivianne;Kochlin;111111658;vkochlinf7@last.fm;female;0520 Valley Edge Point;Manique de Baixo;1;alfa2022
549;Osmund;Smithies;111111659;osmithiesf8@so-net.ne.jp;male;0608 Kenwood Park;Donskoye;1;alfa2022
550;Lucienne;Copplestone;111111660;lcopplestonef9@google.pl;female;05 Heffernan Alley;Tunal;1;alfa2022
551;Hettie;Crasswell;111111661;hcrasswellfa@ft.com;male;0 Blackbird Circle;Lupon;1;alfa2022
552;Marleen;Diglin;111111662;mdiglinfb@elegantthemes.com;female;9 Buena Vista Circle;Rennes;1;alfa2022
553;Ransom;Bawme;111111663;rbawmefc@tripod.com;male;5725 Roth Road;Olenegorsk;1;alfa2022
554;Padriac;Diggins;111111664;pdigginsfd@bluehost.com;female;7 Upham Junction;Lampa;1;alfa2022
555;Berna;Guerner;111111665;bguernerfe@cpanel.net;male;17938 Shoshone Park;Fenchen;1;alfa2022
556;Ulberto;Chillistone;111111666;uchillistoneff@kickstarter.com;female;258 Troy Parkway;Nam Sách;1;alfa2022
557;Mela;Huelin;111111667;mhuelinfg@wikispaces.com;male;160 Blaine Place;Qili;1;alfa2022
558;Helyn;De la Yglesias;111111668;hdelayglesiasfh@sciencedirect.com;female;6 Division Trail;Kaiyun;1;alfa2022
559;Judye;Newlands;111111669;jnewlandsfi@sphinn.com;male;249 Fair Oaks Trail;Novi Karlovci;1;alfa2022
560;Barde;Noods;111111670;bnoodsfj@apple.com;female;8 Elka Alley;Akashi;1;alfa2022
561;Mia;Fulep;111111671;mfulepfk@xing.com;male;67 Hanson Place;Kyprínos;1;alfa2022
562;Felipe;Jakov;111111672;fjakovfl@simplemachines.org;female;687 Buhler Lane;Lusong;1;alfa2022
563;Fleurette;Ellinor;111111673;fellinorfm@geocities.com;male;6147 Shelley Court;Richmond;1;alfa2022
564;Corty;Foister;111111674;cfoisterfn@123-reg.co.uk;female;8560 Mosinee Street;Kyzyl-Burun;1;alfa2022
565;Gilligan;Cromer;111111675;gcromerfo@51.la;male;88702 Dexter Way;Lifuta;1;alfa2022
566;Kamillah;Jedryka;111111676;kjedrykafp@linkedin.com;female;30 Stephen Lane;Philadelphia;1;alfa2022
567;Maisey;Reder;111111677;mrederfq@epa.gov;male;93236 Northwestern Drive;Batumi;1;alfa2022
568;Aurelea;Grishukov;111111678;agrishukovfr@newsvine.com;female;7 Merrick Pass;Kula;1;alfa2022
569;Clarisse;Suggate;111111679;csuggatefs@multiply.com;male;22603 Fieldstone Court;Madīnat Lab‘ūs;1;alfa2022
570;Zita;Kirtlan;111111680;zkirtlanft@instagram.com;female;28 Ridge Oak Lane;Město Libavá;1;alfa2022
571;Alexis;Stoffels;111111681;astoffelsfu@quantcast.com;male;80518 Bunting Parkway;Naschel;1;alfa2022
572;Andrus;Gillman;111111682;agillmanfv@house.gov;female;763 Sloan Court;Nelas;1;alfa2022
573;May;Binfield;111111683;mbinfieldfw@mac.com;male;692 Northfield Avenue;Ćmielów;1;alfa2022
574;Alford;Luxen;111111684;aluxenfx@intel.com;female;2423 Becker Terrace;Doña Remedios Trinidad;1;alfa2022
575;Tirrell;Waslin;111111685;twaslinfy@columbia.edu;male;5 Weeping Birch Hill;Kotayk’;1;alfa2022
576;Christopher;Buckthorp;111111686;cbuckthorpfz@networkadvertising.org;female;5833 Village Green Avenue;Markušica;1;alfa2022
577;Tina;Havoc;111111687;thavocg0@cafepress.com;male;2805 Clove Point;Xiali;1;alfa2022
578;Janene;Delamaine;111111688;jdelamaineg1@nih.gov;female;84 Alpine Lane;Nice;1;alfa2022
579;Diana;Vise;111111689;dviseg2@pbs.org;male;55842 Walton Hill;Zhongpai;1;alfa2022
580;Marlin;Giannoni;111111690;mgiannonig3@deliciousdays.com;female;357 Bluestem Junction;Qabaqçöl;1;alfa2022
581;Lauryn;Stride;111111691;lstrideg4@kickstarter.com;male;38042 Holy Cross Way;Longshan;1;alfa2022
582;Lorri;Garman;111111692;lgarmang5@trellian.com;female;51171 Del Mar Circle;Tegalwero;1;alfa2022
583;Elijah;Manterfield;111111693;emanterfieldg6@csmonitor.com;male;01 Cottonwood Alley;Kakata;1;alfa2022
584;Ursuline;Cromley;111111694;ucromleyg7@huffingtonpost.com;female;10 Maple Wood Lane;Panao;1;alfa2022
585;Jobi;Todeo;111111695;jtodeog8@hc360.com;male;300 Forest Park;Zhili;1;alfa2022
586;Aurea;Wootton;111111696;awoottong9@macromedia.com;female;6976 Anhalt Plaza;Cadagmayan Norte;1;alfa2022
587;Emmit;St. Pierre;111111697;estpierrega@uiuc.edu;male;4 Macpherson Road;Goseong;1;alfa2022
588;Xymenes;Sketchley;111111698;xsketchleygb@t-online.de;female;42749 Golf Lane;Serra da Silveira;1;alfa2022
589;Eleni;England;111111699;eenglandgc@imgur.com;male;604 Oxford Hill;Ostrov;1;alfa2022
590;Park;Mohun;111111700;pmohungd@comsenz.com;female;886 Havey Plaza;Piojó;1;alfa2022
591;Shirline;Drayson;111111701;sdraysonge@lulu.com;male;973 Evergreen Avenue;Três Pontas;1;alfa2022
592;Shae;MacAllen;111111702;smacallengf@wsj.com;female;82 Lerdahl Park;Byahoml’;1;alfa2022
593;Verla;Rhodes;111111703;vrhodesgg@twitpic.com;male;97 Lillian Trail;Patulul;1;alfa2022
594;Pru;Dulanty;111111704;pdulantygh@xing.com;female;81 New Castle Place;Yemva;1;alfa2022
595;Ansell;Veasey;111111705;aveaseygi@google.com.br;male;7 Magdeline Trail;Kremenki;1;alfa2022
596;Sidonia;Gamlen;111111706;sgamlengj@mapquest.com;female;3 Riverside Street;Rodnikovskaya;1;alfa2022
597;Shauna;Shirrell;111111707;sshirrellgk@walmart.com;male;3 Brickson Park Avenue;Marelesu;1;alfa2022
598;Laurella;Tourot;111111708;ltourotgl@sfgate.com;female;9 Pierstorff Point;Madimba;1;alfa2022
599;Cob;Van Castele;111111709;cvancastelegm@twitter.com;male;9 Badeau Avenue;Sankt Lorenzen im Mürztal;1;alfa2022
600;Wylma;Leveret;111111710;wleveretgn@liveinternet.ru;female;859 Trailsway Pass;Chaoyang;1;alfa2022
601;Suzanna;Aberdeen;111111711;saberdeengo@kickstarter.com;male;80 Donald Plaza;Gamut;1;alfa2022
602;Andee;MacAllen;111111712;amacallengp@japanpost.jp;female;81614 Warner Junction;Calauag;1;alfa2022
603;Birgitta;Thrush;111111713;bthrushgq@google.pl;male;01 Schurz Court;Chuanshan;1;alfa2022
604;Audra;Karys;111111714;akarysgr@wsj.com;female;98 Farragut Crossing;Karmaskaly;1;alfa2022
605;Alexi;Kenwright;111111715;akenwrightgs@virginia.edu;male;358 Clyde Gallagher Parkway;Nagornyy;1;alfa2022
606;Doll;Cohr;111111716;dcohrgt@hexun.com;female;354 Luster Avenue;Xinminxiang;1;alfa2022
607;Ortensia;Freeborn;111111717;ofreeborngu@addtoany.com;male;913 Banding Avenue;Maputsoe;1;alfa2022
608;Celestine;Lang;111111718;clanggv@sfgate.com;female;97 Packers Drive;Lizhuang;1;alfa2022
609;Carey;Andree;111111719;candreegw@cornell.edu;male;65 Blackbird Crossing;Unisław;1;alfa2022
610;Reagan;Starte;111111720;rstartegx@freewebs.com;female;2605 Stephen Hill;Thiès Nones;1;alfa2022
611;Rochelle;Steer;111111721;rsteergy@cyberchimps.com;male;52838 Knutson Way;Qinghaihu;1;alfa2022
612;Mildrid;Bleackley;111111722;mbleackleygz@usatoday.com;female;2863 Laurel Road;Jönköping;1;alfa2022
613;Devonne;Baldi;111111723;dbaldih0@nasa.gov;male;3859 Loomis Trail;Lowotukan;1;alfa2022
614;Gearalt;Howlett;111111724;ghowletth1@quantcast.com;female;27 Briar Crest Place;Nagpandayan;1;alfa2022
615;Leicester;Gliddon;111111725;lgliddonh2@salon.com;male;00993 Golden Leaf Way;Francisco Villa;1;alfa2022
616;Ethelin;Hagland;111111726;ehaglandh3@gnu.org;female;76868 Randy Lane;San Vicente Centenario;1;alfa2022
617;King;Oosthout de Vree;111111727;koosthoutdevreeh4@vkontakte.ru;male;3 Green Ridge Point;Cordeirópolis;1;alfa2022
618;Leighton;Furmston;111111728;lfurmstonh5@joomla.org;female;50975 Marquette Plaza;Zhanbei;1;alfa2022
619;Robbi;Kibblewhite;111111729;rkibblewhiteh6@dion.ne.jp;male;66 Ridge Oak Junction;Kholmsk;1;alfa2022
620;Joelie;Janaszewski;111111730;jjanaszewskih7@npr.org;female;528 Anzinger Point;Qesarya;1;alfa2022
621;Queenie;Bollini;111111731;qbollinih8@friendfeed.com;male;58232 Oak Valley Alley;Peuara;1;alfa2022
622;Tess;Kaes;111111732;tkaesh9@admin.ch;female;7986 Farwell Way;Ozurgeti;1;alfa2022
623;Mata;O'Carran;111111733;mocarranha@blogs.com;male;48 Washington Center;Xinyuan;1;alfa2022
624;Niki;Losty;111111734;nlostyhb@irs.gov;female;22 Burrows Terrace;Urrao;1;alfa2022
625;Hermione;Thunnerclef;111111735;hthunnerclefhc@desdev.cn;male;957 Del Sol Trail;Osiek;1;alfa2022
626;Ealasaid;Botright;111111736;ebotrighthd@domainmarket.com;female;722 Bayside Junction;Kasingan;1;alfa2022
627;Valli;Atkyns;111111737;vatkynshe@barnesandnoble.com;male;74534 Glendale Road;Gravatá;1;alfa2022
628;Lew;Neubigin;111111738;lneubiginhf@hao123.com;female;970 Pleasure Alley;Omigawa;1;alfa2022
629;Tamera;Showers;111111739;tshowershg@uiuc.edu;male;5 Clove Way;Ajuy;1;alfa2022
630;Mariele;Lankester;111111740;mlankesterhh@github.io;female;435 Buhler Point;Szelków;1;alfa2022
631;Allina;Towsie;111111741;atowsiehi@webeden.co.uk;male;22907 Main Court;Uchaly;1;alfa2022
632;Dyanne;Surgison;111111742;dsurgisonhj@imdb.com;female;3037 Westridge Junction;Dalumangcob;1;alfa2022
633;Celine;Collard;111111743;ccollardhk@independent.co.uk;male;88 Charing Cross Alley;Tivat;1;alfa2022
634;Lacie;Treven;111111744;ltrevenhl@archive.org;female;3 Fairfield Terrace;Jiaodai;1;alfa2022
635;Cliff;Huck;111111745;chuckhm@pen.io;male;66 Fulton Pass;Tymbark;1;alfa2022
636;Richmond;Ratter;111111746;rratterhn@forbes.com;female;1941 Buhler Trail;Piuí;1;alfa2022
637;Ferdie;Salvadore;111111747;fsalvadoreho@imgur.com;male;2273 Brentwood Point;Jatiraya;1;alfa2022
638;Gertie;Livesay;111111748;glivesayhp@samsung.com;female;083 Lotheville Street;Aiquile;1;alfa2022
639;Towney;Jonas;111111749;tjonashq@arizona.edu;male;50 Hauk Court;Narimanov;1;alfa2022
640;Justinian;Klimkiewich;111111750;jklimkiewichhr@netvibes.com;female;315 Valley Edge Way;Kavalerovo;1;alfa2022
641;Adrian;Rawlyns;111111751;arawlynshs@1688.com;male;7 Barnett Court;Bai’e;1;alfa2022
642;Stacey;Load;111111752;sloadht@google.ru;female;9173 Stephen Hill;Beiguoyuan;1;alfa2022
643;Red;Sliman;111111753;rslimanhu@skype.com;male;6 Bellgrove Terrace;Örnsköldsvik;1;alfa2022
644;Chrissie;Pogue;111111754;cpoguehv@go.com;female;46743 Thierer Parkway;Huangqiang;1;alfa2022
645;Cherida;Dorgan;111111755;cdorganhw@over-blog.com;male;56 Main Way;Zhengdonglu;1;alfa2022
646;Temp;Gaynsford;111111756;tgaynsfordhx@si.edu;female;0691 Colorado Junction;Port-de-Bouc;1;alfa2022
647;Adolph;Sarle;111111757;asarlehy@nydailynews.com;male;57 Emmet Parkway;Itaúna;1;alfa2022
648;Bebe;Shillinglaw;111111758;bshillinglawhz@w3.org;female;789 Main Crossing;Gingsir;1;alfa2022
649;Wyatan;Micallef;111111759;wmicallefi0@blogtalkradio.com;male;5045 Gateway Trail;Ristinummi;1;alfa2022
650;Jonas;Antoshin;111111760;jantoshini1@sun.com;female;635 Farragut Hill;Quxia;1;alfa2022
651;Reiko;Dries;111111761;rdriesi2@sbwire.com;male;5 Monterey Court;Banjaranyar;1;alfa2022
652;Jorie;Lope;111111762;jlopei3@ifeng.com;female;30501 Main Terrace;Alto Barinas;1;alfa2022
653;Lanny;Trouel;111111763;ltroueli4@mlb.com;male;99 Shoshone Lane;Kalí Vrýsi;1;alfa2022
654;Morty;Idale;111111764;midalei5@newsvine.com;female;040 Loeprich Point;Waalwijk;1;alfa2022
655;Edie;Brome;111111765;ebromei6@theglobeandmail.com;male;69110 Arizona Hill;Jiantang;1;alfa2022
656;Alma;Haensel;111111766;ahaenseli7@php.net;female;93048 American Pass;Dongtucheng;1;alfa2022
657;Matthiew;Whaley;111111767;mwhaleyi8@cdc.gov;male;364 Utah Road;Jambangan;1;alfa2022
658;Caryl;Nuton;111111768;cnutoni9@scribd.com;female;4 American Place;Krutja e Poshtme;1;alfa2022
659;Ursuline;Ponsford;111111769;uponsfordia@yahoo.co.jp;male;839 Crownhardt Street;Butahai;1;alfa2022
660;Tedda;Augur;111111770;taugurib@loc.gov;female;85 Buell Drive;Banjar Danginsema;1;alfa2022
661;Ash;Hantusch;111111771;ahantuschic@ustream.tv;male;500 Center Center;Talacogon;1;alfa2022
662;Loella;Lowton;111111772;llowtonid@ibm.com;female;8 Di Loreto Junction;Crespo;1;alfa2022
663;Donni;Wyllcock;111111773;dwyllcockie@comsenz.com;male;65 Oneill Junction;Hödrögö;1;alfa2022
664;Herbie;Gallaher;111111774;hgallaherif@nhs.uk;female;3425 Delladonna Avenue;Shanhaiguan;1;alfa2022
665;Elinore;Ciepluch;111111775;eciepluchig@is.gd;male;4 Hagan Junction;Salinas;1;alfa2022
666;Patrizia;Chasle;111111776;pchasleih@wikipedia.org;female;3 Vahlen Pass;Itaituba;1;alfa2022
667;Stanwood;Crossman;111111777;scrossmanii@cloudflare.com;male;3 North Junction;Mirovka;1;alfa2022
668;Broddy;Queen;111111778;bqueenij@addtoany.com;female;27 Del Sol Way;Colonia Neuland;1;alfa2022
669;Jeremias;Luxmoore;111111779;jluxmooreik@amazon.de;male;080 Bellgrove Hill;Naukšēni;1;alfa2022
670;Pier;Seller;111111780;pselleril@mail.ru;female;924 Gerald Way;Nanshe;1;alfa2022
671;Violet;Mallatratt;111111781;vmallatrattim@usgs.gov;male;7220 4th Avenue;Laohekou;1;alfa2022
672;Boote;Hincks;111111782;bhincksin@dmoz.org;female;434 Tomscot Circle;Garça;1;alfa2022
673;Joshua;Vlasyev;111111783;jvlasyevio@domainmarket.com;male;47682 Cordelia Terrace;Uvarovo;1;alfa2022
674;Amabelle;Castagnasso;111111784;acastagnassoip@usgs.gov;female;12936 Grover Road;Šid;1;alfa2022
675;Helen;Batterson;111111785;hbattersoniq@fc2.com;male;5087 Red Cloud Crossing;Montería;1;alfa2022
676;Archer;Binder;111111786;abinderir@businessinsider.com;female;8 Reindahl Park;Santo Domingo Este;1;alfa2022
677;Tamara;Whyman;111111787;twhymanis@slideshare.net;male;532 Memorial Trail;Banjar Tengahbelayu;1;alfa2022
678;Clemmy;Sitwell;111111788;csitwellit@tamu.edu;female;261 Mariners Cove Center;Fanzeres;1;alfa2022
679;Tami;Boate;111111789;tboateiu@xinhuanet.com;male;0 Union Road;Tongouson;1;alfa2022
680;Millicent;Goldhill;111111790;mgoldhilliv@blogs.com;female;55378 Parkside Pass;Turi;1;alfa2022
681;Lorna;Rudall;111111791;lrudalliw@twitter.com;male;2823 Clemons Center;Balayan;1;alfa2022
682;Titos;Powelee;111111792;tpoweleeix@independent.co.uk;female;5 Dexter Place;Belfast;1;alfa2022
683;Shelby;Skoate;111111793;sskoateiy@nyu.edu;male;62 Stoughton Parkway;Iława;1;alfa2022
684;Odella;Garritley;111111794;ogarritleyiz@dailymotion.com;female;0 Debs Way;Znamenskoye;1;alfa2022
685;Liliane;McCurdy;111111795;lmccurdyj0@technorati.com;male;664 Mcguire Drive;Pengshi;1;alfa2022
686;Briano;Millea;111111796;bmilleaj1@bbb.org;female;0228 Maple Park;Negotino;1;alfa2022
687;Neale;Brawson;111111797;nbrawsonj2@ning.com;male;0173 Bowman Hill;Bolou;1;alfa2022
688;Templeton;Collidge;111111798;tcollidgej3@goo.ne.jp;female;69664 Graedel Junction;El Triunfo;1;alfa2022
689;Feliza;Barnewelle;111111799;fbarnewellej4@flavors.me;male;8498 Warner Point;Wushi;1;alfa2022
690;Upton;Churchouse;111111800;uchurchousej5@wikimedia.org;female;643 Dahle Trail;Mancagahar;1;alfa2022
691;Annette;Guterson;111111801;agutersonj6@w3.org;male;421 Darwin Hill;Mehron;1;alfa2022
692;Denni;Steggles;111111802;dstegglesj7@topsy.com;female;439 Larry Road;Anping;1;alfa2022
693;Lorne;Sartin;111111803;lsartinj8@freewebs.com;male;9877 Shopko Place;Lubei;1;alfa2022
694;Wally;De Lisle;111111804;wdelislej9@loc.gov;female;634 Heffernan Place;Olympia;1;alfa2022
695;Collin;Loveredge;111111805;cloveredgeja@list-manage.com;male;2 Clove Junction;Quanxi;1;alfa2022
696;Elyse;McCague;111111806;emccaguejb@whitehouse.gov;female;30859 Melvin Street;Milíkov;1;alfa2022
697;Issi;Keesman;111111807;ikeesmanjc@topsy.com;male;76 Westend Point;Bałtów;1;alfa2022
698;Torin;Kerfut;111111808;tkerfutjd@whitehouse.gov;female;66 Morningstar Crossing;Waishan;1;alfa2022
699;Wiatt;Rattenberie;111111809;wrattenberieje@whitehouse.gov;male;7 Sunfield Street;Barqueiro;1;alfa2022
700;Jeane;Rea;111111810;jreajf@spiegel.de;female;79924 Bashford Street;Huangjindong;1;alfa2022
701;Teri;Calan;111111811;tcalanjg@harvard.edu;male;11 Golf Trail;Ban Phaeo;1;alfa2022
702;Bryn;Mabey;111111812;bmabeyjh@cornell.edu;female;040 Doe Crossing Place;Shuyuan;1;alfa2022
703;Ernest;Crookshank;111111813;ecrookshankji@ehow.com;male;04 New Castle Avenue;Castelo;1;alfa2022
704;Ingar;Von Brook;111111814;ivonbrookjj@mapquest.com;female;78925 Loeprich Crossing;Ropice;1;alfa2022
705;Christel;Gormley;111111815;cgormleyjk@nps.gov;male;844 Jackson Drive;Nytva;1;alfa2022
706;Humbert;Apfelmann;111111816;hapfelmannjl@constantcontact.com;female;67 Oriole Circle;Myhove;1;alfa2022
707;Marice;Pontin;111111817;mpontinjm@t-online.de;male;3 Hermina Avenue;Kampunglistrik;1;alfa2022
708;Urbano;Ogborne;111111818;uogbornejn@diigo.com;female;7486 Beilfuss Point;Puyang;1;alfa2022
709;Delia;Hurler;111111819;dhurlerjo@1688.com;male;911 Karstens Trail;Chambishi;1;alfa2022
710;Dory;Heis;111111820;dheisjp@dropbox.com;female;9677 Hansons Court;Finote Selam;1;alfa2022
711;Prescott;Depke;111111821;pdepkejq@amazon.co.jp;male;738 Cordelia Way;Kavieng;1;alfa2022
712;Charlean;Kalkofen;111111822;ckalkofenjr@psu.edu;female;22608 Mitchell Crossing;Annapolis;1;alfa2022
713;Celie;Tofano;111111823;ctofanojs@google.com;male;21288 Acker Way;Saint-Pierre;1;alfa2022
714;Clevey;Snelman;111111824;csnelmanjt@facebook.com;female;10 Thackeray Center;Skidal’;1;alfa2022
715;Leese;Peller;111111825;lpellerju@dailymail.co.uk;male;56 Sullivan Terrace;‘Aşīrah al Qiblīyah;1;alfa2022
716;Asher;Moscon;111111826;amosconjv@dyndns.org;female;46 Vahlen Park;Jenzan;1;alfa2022
717;Carleen;Grece;111111827;cgrecejw@geocities.com;male;4 Northridge Trail;Néa Tríglia;1;alfa2022
718;Auberon;Rieme;111111828;ariemejx@mlb.com;female;73 Sutteridge Point;Daxi;1;alfa2022
719;Marie-jeanne;Iceton;111111829;micetonjy@pagesperso-orange.fr;male;2237 Ronald Regan Center;Bereeda;1;alfa2022
720;Lois;Hyett;111111830;lhyettjz@shareasale.com;female;5690 Hagan Place;Tambak;1;alfa2022
721;Charlie;Onyon;111111831;conyonk0@earthlink.net;male;783 Mockingbird Lane;Sobinka;1;alfa2022
722;Collete;Hurrell;111111832;churrellk1@irs.gov;female;41902 Charing Cross Trail;San Jerónimo;1;alfa2022
723;Dino;Deedes;111111833;ddeedesk2@cam.ac.uk;male;3657 Carey Alley;Xiachen;1;alfa2022
724;Georgeta;Conisbee;111111834;gconisbeek3@plala.or.jp;female;596 Clyde Gallagher Street;Bilo;1;alfa2022
725;Johnette;Sandhill;111111835;jsandhillk4@washington.edu;male;25676 Gulseth Park;Kugluktuk;1;alfa2022
726;Osborn;Abatelli;111111836;oabatellik5@goo.gl;female;698 Canary Plaza;Karangbadar Kidul;1;alfa2022
727;Henry;Gerasch;111111837;hgeraschk6@bravesites.com;male;9 6th Center;Vårby;1;alfa2022
728;Lorry;Ferrier;111111838;lferrierk7@opera.com;female;4529 Ridge Oak Road;Bigoudine;1;alfa2022
729;Klemens;Creese;111111839;kcreesek8@stanford.edu;male;60176 Hauk Park;La Clotilde;1;alfa2022
730;Jessey;Hitzmann;111111840;jhitzmannk9@mac.com;female;6 Golf Crossing;Heichengzi;1;alfa2022
731;Llewellyn;McDermott-Row;111111841;lmcdermottrowka@tmall.com;male;55 Meadow Valley Street;Kuncen;1;alfa2022
732;Giffy;Rofe;111111842;grofekb@time.com;female;915 7th Center;Cunliji;1;alfa2022
733;Addia;Pettegre;111111843;apettegrekc@squarespace.com;male;95292 Leroy Hill;Calomboyan;1;alfa2022
734;Ermin;Sabin;111111844;esabinkd@angelfire.com;female;10 Lyons Center;Bantarpanjang;1;alfa2022
735;Durand;Reedyhough;111111845;dreedyhoughke@vimeo.com;male;06553 Warbler Circle;Wilwerwiltz;1;alfa2022
736;Vinny;Dinesen;111111846;vdinesenkf@instagram.com;female;4721 Cottonwood Alley;Sukamaju;1;alfa2022
737;Gwynne;Hamsher;111111847;ghamsherkg@usda.gov;male;14 Hollow Ridge Pass;Labège;1;alfa2022
738;Rhoda;Rearden;111111848;rreardenkh@wikia.com;female;826 Waubesa Hill;Rikitgaib;1;alfa2022
739;Ardith;Saulter;111111849;asaulterki@bandcamp.com;male;0538 Swallow Trail;Jinshan;1;alfa2022
740;Fleming;Golborn;111111850;fgolbornkj@prlog.org;female;676 Schurz Center;Magoúla;1;alfa2022
741;Wallie;Vasyushkhin;111111851;wvasyushkhinkk@cocolog-nifty.com;male;8011 Blackbird Court;Gorbunki;1;alfa2022
742;Jelene;Bartolomucci;111111852;jbartolomuccikl@typepad.com;female;95 Mariners Cove Alley;Banaran;1;alfa2022
743;Carr;Hattoe;111111853;chattoekm@hp.com;male;7257 Fisk Place;Tarfaya;1;alfa2022
744;Dunstan;Crosetto;111111854;dcrosettokn@themeforest.net;female;7675 Ludington Court;Paprotnia;1;alfa2022
745;Amitie;Nisuis;111111855;anisuisko@diigo.com;male;23 Buena Vista Street;Sebewe;1;alfa2022
746;Gusty;Babinski;111111856;gbabinskikp@google.de;female;3 Hazelcrest Street;Vladimirskaya;1;alfa2022
747;Dietrich;Cloutt;111111857;dclouttkq@si.edu;male;085 Hollow Ridge Pass;Stockholm;1;alfa2022
748;Kelley;Melladew;111111858;kmelladewkr@foxnews.com;female;6288 Sycamore Way;Rathwire;1;alfa2022
749;Zitella;Greatland;111111859;zgreatlandks@discuz.net;male;6 Becker Avenue;San Felipe;1;alfa2022
750;Ruby;Kibbel;111111860;rkibbelkt@biglobe.ne.jp;female;5 Crescent Oaks Drive;Xiashuitou;1;alfa2022
751;Emmy;Burder;111111861;eburderku@ucla.edu;male;11902 Bobwhite Junction;Andong;1;alfa2022
752;Minne;Costello;111111862;mcostellokv@360.cn;female;99310 Hollow Ridge Alley;Dao’er;1;alfa2022
753;Sydney;Soughton;111111863;ssoughtonkw@fc2.com;male;9 Weeping Birch Hill;Józefów;1;alfa2022
754;Temple;Ramstead;111111864;tramsteadkx@wunderground.com;female;5 Waubesa Parkway;La Unión;1;alfa2022
755;Maxi;Linklet;111111865;mlinkletky@army.mil;male;1 Merry Alley;Bogojevo;1;alfa2022
756;Robb;Ellingworth;111111866;rellingworthkz@jiathis.com;female;5 Morning Park;Anqing;1;alfa2022
757;Sayers;Muirden;111111867;smuirdenl0@moonfruit.com;male;1421 Debra Circle;San Isidro;1;alfa2022
758;Shelley;Skeete;111111868;sskeetel1@tamu.edu;female;93004 Nelson Plaza;Bayantal;1;alfa2022
759;Antonin;Pucker;111111869;apuckerl2@icio.us;male;463 Debs Crossing;Ipiaú;1;alfa2022
760;Cherey;Blakden;111111870;cblakdenl3@list-manage.com;female;45 Kim Alley;Wilkes Barre;1;alfa2022
761;Hamnet;Agge;111111871;haggel4@acquirethisname.com;male;03704 Butternut Way;Hanamaki;1;alfa2022
762;Dennis;Whiston;111111872;dwhistonl5@marketwatch.com;female;03308 Toban Pass;Oni;1;alfa2022
763;Eadith;Raatz;111111873;eraatzl6@ow.ly;male;2284 Moland Center;Nice;1;alfa2022
764;Abbi;Botting;111111874;abottingl7@ucla.edu;female;8675 Twin Pines Parkway;Karlskoga;1;alfa2022
765;Joel;Stooke;111111875;jstookel8@seattletimes.com;male;977 Westerfield Lane;Cunén;1;alfa2022
766;Ekaterina;Titherington;111111876;etitheringtonl9@sogou.com;female;20719 Summerview Avenue;Aranđelovac;1;alfa2022
767;Paula;D'Aeth;111111877;pdaethla@tmall.com;male;3 Monica Pass;Daminggong;1;alfa2022
768;Coletta;Phillipps;111111878;cphillippslb@cdc.gov;female;97765 Milwaukee Street;Ibicaraí;1;alfa2022
769;Yule;Villar;111111879;yvillarlc@chicagotribune.com;male;6641 Eggendart Way;Al Fākhūrah;1;alfa2022
770;Goober;Pinchen;111111880;gpinchenld@istockphoto.com;female;1738 Shasta Lane;Maisons-Alfort;1;alfa2022
771;Lilias;Haxley;111111881;lhaxleyle@virginia.edu;male;40 Maple Terrace;Mori;1;alfa2022
772;Townie;Brafield;111111882;tbrafieldlf@merriam-webster.com;female;38 Oriole Alley;Itanhaém;1;alfa2022
773;Sukey;Lasham;111111883;slashamlg@gov.uk;male;2811 Marcy Point;Santa Maria da Feira;1;alfa2022
774;Chrissy;Eckery;111111884;ceckerylh@tinyurl.com;female;67 Ramsey Court;Junyang;1;alfa2022
775;Brant;Watchorn;111111885;bwatchornli@tinypic.com;male;20 Farwell Parkway;Santa Justina;1;alfa2022
776;Welbie;Farland;111111886;wfarlandlj@reference.com;female;504 Loomis Avenue;Jackson;1;alfa2022
777;Leanor;Brownsea;111111887;lbrownsealk@yahoo.com;male;22 Grover Street;Nungga;1;alfa2022
778;Dody;Ceaplen;111111888;dceaplenll@senate.gov;female;974 Starling Alley;Poniatowa;1;alfa2022
779;Rania;Pay;111111889;rpaylm@noaa.gov;male;80486 Towne Place;Dubravica;1;alfa2022
780;Nealon;Jablonski;111111890;njablonskiln@mysql.com;female;20506 Mitchell Place;Kruengraya;1;alfa2022
781;Ronni;Wickendon;111111891;rwickendonlo@bbc.co.uk;male;6 Rowland Court;Bendan;1;alfa2022
782;Hughie;Wintour;111111892;hwintourlp@phpbb.com;female;46 Derek Parkway;Lapuan;1;alfa2022
783;Haroun;Kinneir;111111893;hkinneirlq@princeton.edu;male;0 Corry Alley;Dongyuan;1;alfa2022
784;Ingelbert;Agglione;111111894;iagglionelr@bing.com;female;40 Little Fleur Point;Nilanapo;1;alfa2022
785;Cart;Caudelier;111111895;ccaudelierls@springer.com;male;07 Jana Junction;Huquan;1;alfa2022
786;Brendis;Ondricek;111111896;bondriceklt@dedecms.com;female;9 Vernon Drive;Pallasca;1;alfa2022
787;Cally;Fishleigh;111111897;cfishleighlu@youku.com;male;8641 Delladonna Lane;Corail;1;alfa2022
788;Stanford;Keele;111111898;skeelelv@soup.io;female;6 Monica Place;Uychi;1;alfa2022
789;Rosabella;Cannell;111111899;rcannelllw@about.com;male;5 Northland Crossing;Malko Tŭrnovo;1;alfa2022
790;Garrot;Fincke;111111900;gfinckelx@cbslocal.com;female;65884 Talmadge Point;Magumeri;1;alfa2022
791;Howard;Delete;111111901;hdeletely@plala.or.jp;male;2 1st Point;Santa Nino;1;alfa2022
792;Kurtis;Rown;111111902;krownlz@comcast.net;female;02 Donald Crossing;Borowno;1;alfa2022
793;Goran;Jocic;111111903;gjocicm0@indiegogo.com;male;2389 Macpherson Terrace;Stepnogorsk;1;alfa2022
794;Retha;Cozens;111111904;rcozensm1@google.pl;female;6808 Cottonwood Parkway;Lameira;1;alfa2022
795;Obadias;Kenworthey;111111905;okenwortheym2@latimes.com;male;1 Gerald Point;São João de Meriti;1;alfa2022
796;Madge;Hadwin;111111906;mhadwinm3@upenn.edu;female;49 Everett Place;Thaon-les-Vosges;1;alfa2022
797;Hillel;Simoneau;111111907;hsimoneaum4@zimbio.com;male;9697 Roth Hill;Sagbayan;1;alfa2022
798;Laurel;Pucker;111111908;lpuckerm5@newsvine.com;female;192 Shoshone Alley;El Nido;1;alfa2022
799;Dayle;Colquit;111111909;dcolquitm6@privacy.gov.au;male;434 Thompson Trail;Ciego de Ávila;1;alfa2022
800;Irwin;Climo;111111910;iclimom7@usda.gov;female;019 Dorton Place;Angers;1;alfa2022
801;Dasie;Filyakov;111111911;dfilyakovm8@last.fm;male;3582 Kennedy Junction;Strážnice;1;alfa2022
802;Tymon;Geharke;111111912;tgeharkem9@slideshare.net;female;837 Stoughton Drive;Samboan;1;alfa2022
803;Tadeas;Collingworth;111111913;tcollingworthma@vistaprint.com;male;3863 Starling Place;Shimeitang;1;alfa2022
804;Valina;Deners;111111914;vdenersmb@lycos.com;female;7091 Corben Terrace;København;1;alfa2022
805;Lenore;Abbatt;111111915;labbattmc@sakura.ne.jp;male;0 Mockingbird Park;Colón;1;alfa2022
806;Molli;Filipiak;111111916;mfilipiakmd@craigslist.org;female;003 Old Shore Avenue;Sulop;1;alfa2022
807;May;Spilsburie;111111917;mspilsburieme@amazon.com;male;1 Banding Street;Stockholm;1;alfa2022
808;Towny;Oglesbee;111111918;toglesbeemf@vimeo.com;female;41687 Artisan Plaza;Xinji;1;alfa2022
809;Charmion;Pattullo;111111919;cpattullomg@wisc.edu;male;44 Badeau Pass;Chazón;1;alfa2022
810;Tallou;Grabb;111111920;tgrabbmh@wikia.com;female;312 Burrows Plaza;Ngulangan;1;alfa2022
811;Haley;Fone;111111921;hfonemi@tiny.cc;male;66135 1st Court;Metlika;1;alfa2022
812;Kimberlyn;O'Collopy;111111922;kocollopymj@zdnet.com;female;39032 Haas Parkway;Regueiro;1;alfa2022
813;Alvan;Nussii;111111923;anussiimk@engadget.com;male;209 Shelley Pass;Metz;1;alfa2022
814;Nike;Cawdell;111111924;ncawdellml@friendfeed.com;female;24474 Paget Crossing;Gualán;1;alfa2022
815;Cindi;Hufton;111111925;chuftonmm@google.ru;male;4 Eagle Crest Hill;Libas;1;alfa2022
816;Janifer;Swansbury;111111926;jswansburymn@usa.gov;female;969 5th Hill;Vanadjou;1;alfa2022
817;Major;Cawdell;111111927;mcawdellmo@angelfire.com;male;9816 Quincy Lane;Doña Remedios Trinidad;1;alfa2022
818;Alberta;Pennick;111111928;apennickmp@dedecms.com;female;4 Linden Road;Thị Trấn Kim Tân;1;alfa2022
819;Debor;Hanks;111111929;dhanksmq@cbsnews.com;male;93075 Waubesa Terrace;Siemiątkowo;1;alfa2022
820;Redd;Sharrier;111111930;rsharriermr@rakuten.co.jp;female;31552 Riverside Drive;Krajan Atas Suger Lor;1;alfa2022
821;Kippie;Windrass;111111931;kwindrassms@dyndns.org;male;427 Fairview Plaza;Parnamirim;1;alfa2022
822;Hernando;Mityashev;111111932;hmityashevmt@wikia.com;female;09209 Dawn Pass;San Buenaventura;1;alfa2022
823;Serena;Bevans;111111933;sbevansmu@jigsy.com;male;8 Hudson Way;Rognedino;1;alfa2022
824;Kerby;Sherwell;111111934;ksherwellmv@gravatar.com;female;318 Truax Way;Baguim do Monte;1;alfa2022
825;Seline;Hatz;111111935;shatzmw@joomla.org;male;8 Clemons Park;Calimete;1;alfa2022
826;Dora;Crosthwaite;111111936;dcrosthwaitemx@jigsy.com;female;2301 Debra Parkway;Bongandanga;1;alfa2022
827;Beale;Strickett;111111937;bstrickettmy@nymag.com;male;2 Darwin Junction;Shuangyang;1;alfa2022
828;Clint;Plaice;111111938;cplaicemz@skype.com;female;13058 Maywood Crossing;Laiponda;1;alfa2022
829;Ole;Guidotti;111111939;oguidottin0@aboutads.info;male;6 Lunder Circle;Kiernozia;1;alfa2022
830;Cissy;Mathews;111111940;cmathewsn1@epa.gov;female;03572 Scoville Park;Uryupinsk;1;alfa2022
831;Dougy;Kytter;111111941;dkyttern2@lulu.com;male;096 Emmet Parkway;Lameira;1;alfa2022
832;Wilton;Callicott;111111942;wcallicottn3@booking.com;female;014 Corben Trail;Bazar-Korgon;1;alfa2022
833;Gian;Gosart;111111943;ggosartn4@psu.edu;male;21 Valley Edge Plaza;Gondar;1;alfa2022
834;Tami;Foulstone;111111944;tfoulstonen5@wisc.edu;female;80 Hoard Pass;Leiling;1;alfa2022
835;Fredericka;Rosenzwig;111111945;frosenzwign6@apple.com;male;12863 Swallow Avenue;Panan;1;alfa2022
836;Rollin;Rodgman;111111946;rrodgmann7@deliciousdays.com;female;5367 Sunnyside Street;Huagai;1;alfa2022
837;Nikolos;Stienham;111111947;nstienhamn8@usa.gov;male;9842 Golf Course Alley;Shentang;1;alfa2022
838;Agneta;Jadczak;111111948;ajadczakn9@shinystat.com;female;4068 Randy Court;Slatina;1;alfa2022
839;Lenci;Menel;111111949;lmenelna@buzzfeed.com;male;7555 Kim Crossing;Všestary;1;alfa2022
840;Shelbi;Uzzell;111111950;suzzellnb@cpanel.net;female;98 Mcguire Avenue;Ganhe;1;alfa2022
841;Rodney;Kitchen;111111951;rkitchennc@printfriendly.com;male;14 Kedzie Center;Okotoks;1;alfa2022
842;Homerus;Barter;111111952;hbarternd@statcounter.com;female;88330 Garrison Parkway;Ayna;1;alfa2022
843;Rockwell;Docket;111111953;rdocketne@github.com;male;400 Mockingbird Drive;‘Alāqahdārī Kirān wa Munjān;1;alfa2022
844;Bradly;Hinchon;111111954;bhinchonnf@yellowbook.com;female;4037 Eastwood Circle;Fabianki;1;alfa2022
845;Parrnell;Swire;111111955;pswireng@nydailynews.com;male;886 Monterey Court;Tolstoy-Yurt;1;alfa2022
846;Hilliary;Burgen;111111956;hburgennh@soup.io;female;41 Melvin Road;Komyshuvakha;1;alfa2022
847;Igor;Sabati;111111957;isabatini@mtv.com;male;630 Loomis Plaza;Shazhouba;1;alfa2022
848;Aguistin;Slafford;111111958;aslaffordnj@csmonitor.com;female;7632 Meadow Vale Avenue;Yangmadao;1;alfa2022
849;Courtney;Givens;111111959;cgivensnk@upenn.edu;male;243 Donald Street;Jibiya;1;alfa2022
850;Ralf;Pierpoint;111111960;rpierpointnl@infoseek.co.jp;female;49407 Fulton Parkway;Gembu;1;alfa2022
851;Dur;Luckham;111111961;dluckhamnm@google.fr;male;270 Duke Terrace;Sembalunbumbung;1;alfa2022
852;Skye;Knuckles;111111962;sknucklesnn@booking.com;female;159 Stone Corner Pass;Hamhŭng;1;alfa2022
853;Joby;McCreedy;111111963;jmccreedyno@salon.com;male;8002 Brickson Park Circle;Crateús;1;alfa2022
854;Em;Clemencon;111111964;eclemenconnp@rediff.com;female;80 Westport Park;Kitsuki;1;alfa2022
855;Fifine;Pietrowicz;111111965;fpietrowicznq@mozilla.com;male;41144 Saint Paul Hill;San Jose;1;alfa2022
856;Petronella;Fitzsimon;111111966;pfitzsimonnr@yelp.com;female;2 Basil Plaza;Almodôvar;1;alfa2022
857;Roosevelt;Hilldrop;111111967;rhilldropns@addtoany.com;male;01810 Tennyson Alley;Chenfang;1;alfa2022
858;Idalia;Drury;111111968;idrurynt@squarespace.com;female;062 Orin Point;Boguchar;1;alfa2022
859;Lilli;Keady;111111969;lkeadynu@smh.com.au;male;60429 Elgar Terrace;Jangas;1;alfa2022
860;Lyman;Meeson;111111970;lmeesonnv@mozilla.com;female;1 Graedel Junction;Zahlé;1;alfa2022
861;Madeleine;Cadogan;111111971;mcadogannw@flavors.me;male;404 Corry Center;Lhokkruet;1;alfa2022
862;Freemon;O'Gormley;111111972;fogormleynx@yolasite.com;female;1 Warrior Junction;Nakajah;1;alfa2022
863;Neddie;Tullett;111111973;ntullettny@exblog.jp;male;6831 Clemons Street;Ribeirão;1;alfa2022
864;Giffer;Molden;111111974;gmoldennz@ycombinator.com;female;53 Anniversary Road;Frederiksberg;1;alfa2022
865;Tallulah;Droghan;111111975;tdroghano0@flavors.me;male;95 Lukken Parkway;Alexandroúpoli;1;alfa2022
866;Debee;Eyton;111111976;deytono1@shutterfly.com;female;567 Vermont Junction;Madrid;1;alfa2022
867;Gena;Yeats;111111977;gyeatso2@nymag.com;male;9139 Nevada Park;Kýthnos;1;alfa2022
868;Jacquette;Polycote;111111978;jpolycoteo3@godaddy.com;female;80 Luster Hill;Aroa;1;alfa2022
869;Stevie;Disdel;111111979;sdisdelo4@aboutads.info;male;833 Sommers Circle;Penamacor;1;alfa2022
870;Ariel;Dovey;111111980;adoveyo5@geocities.jp;female;5 Magdeline Drive;Brooklyn;1;alfa2022
871;Andres;Dowzell;111111981;adowzello6@nature.com;male;96 Weeping Birch Street;Sungaikakap;1;alfa2022
872;Cullen;Slocom;111111982;cslocomo7@ucsd.edu;female;1 Upham Terrace;San Martín;1;alfa2022
873;Upton;Dolley;111111983;udolleyo8@yellowpages.com;male;444 Garrison Terrace;Indralayang;1;alfa2022
874;Rodie;Mowat;111111984;rmowato9@parallels.com;female;45012 Nancy Street;Carania;1;alfa2022
875;Clari;Rontsch;111111985;crontschoa@mayoclinic.com;male;9 Macpherson Lane;Sélestat;1;alfa2022
876;Tandie;Feak;111111986;tfeakob@eventbrite.com;female;7 Farragut Pass;Arvayheer;1;alfa2022
877;Annadiana;Gretham;111111987;agrethamoc@webmd.com;male;36 Goodland Park;Kaolinovo;1;alfa2022
878;Betti;Falkingham;111111988;bfalkinghamod@phoca.cz;female;420 Superior Trail;Bringinanom;1;alfa2022
879;Ivor;Cobden;111111989;icobdenoe@comsenz.com;male;41483 Spohn Pass;Debrzno;1;alfa2022
880;Anastasie;Snaith;111111990;asnaithof@upenn.edu;female;2 Donald Park;Černá Hora;1;alfa2022
881;Shari;Stallibrass;111111991;sstallibrassog@tripod.com;male;47 Russell Street;Kruty;1;alfa2022
882;Kiele;Twelftree;111111992;ktwelftreeoh@jigsy.com;female;90 Melody Hill;Eirol;1;alfa2022
883;Darell;Gissing;111111993;dgissingoi@senate.gov;male;7138 Dennis Plaza;Fianarantsoa;1;alfa2022
884;Ash;Winteringham;111111994;awinteringhamoj@myspace.com;female;4 Esch Trail;Uddevalla;1;alfa2022
885;Irving;Crickmore;111111995;icrickmoreok@fastcompany.com;male;8161 Harbort Trail;Jbaïl;1;alfa2022
886;Fina;Rothman;111111996;frothmanol@exblog.jp;female;24 Sullivan Plaza;Sim;1;alfa2022
887;Carrol;Kid;111111997;ckidom@un.org;male;5854 Debra Point;Mantar;1;alfa2022
888;Bordie;Jann;111111998;bjannon@archive.org;female;98 Maple Drive;Impalutao;1;alfa2022
889;Henry;Wyard;111111999;hwyardoo@chronoengine.com;male;69481 Oakridge Lane;Kobylanka;1;alfa2022
890;Elita;Paolacci;111112000;epaolacciop@bandcamp.com;female;465 Prairieview Center;Now Zād;1;alfa2022
891;Florence;Gounod;111112001;fgounodoq@abc.net.au;male;34 Harbort Road;Podgorica;1;alfa2022
892;Reggie;Kellert;111112002;rkellertor@loc.gov;female;1914 Bonner Trail;La Cesira;1;alfa2022
893;Yasmin;Gyves;111112003;ygyvesos@apache.org;male;7317 Oxford Drive;Halmstad;1;alfa2022
894;Maritsa;La Croce;111112004;mlacroceot@bravesites.com;female;6 Eagle Crest Park;Yajiang;1;alfa2022
895;Taddeusz;Phillp;111112005;tphillpou@clickbank.net;male;8 Manitowish Parkway;Phrae;1;alfa2022
896;Marylou;Gregorowicz;111112006;mgregorowiczov@xinhuanet.com;female;4849 Hooker Parkway;Coronel;1;alfa2022
897;Harbert;Wermerling;111112007;hwermerlingow@seesaa.net;male;476 Ohio Court;Mevo horon;1;alfa2022
898;Karl;Berndsen;111112008;kberndsenox@eepurl.com;female;40 Trailsway Junction;Escuintla;1;alfa2022
899;Carlo;Noore;111112009;cnooreoy@reuters.com;male;1 Algoma Terrace;Hinthada;1;alfa2022
900;Tom;Braunter;111112010;tbraunteroz@stumbleupon.com;female;030 Twin Pines Alley;Novikovo;1;alfa2022
901;Davey;Messham;111112011;dmesshamp0@zimbio.com;male;2863 Oriole Court;Bébédja;1;alfa2022
902;Roze;Simmons;111112012;rsimmonsp1@vk.com;female;7522 Londonderry Center;Den Chai;1;alfa2022
903;Ira;Utting;111112013;iuttingp2@wikispaces.com;male;5 Buhler Street;Pasanggrahan;1;alfa2022
904;Dorian;Scroggs;111112014;dscroggsp3@devhub.com;female;199 Lerdahl Way;Arroyito;1;alfa2022
905;Ignaz;Showalter;111112015;ishowalterp4@homestead.com;male;32728 Nelson Circle;Kanashevo;1;alfa2022
906;Emelda;Rillatt;111112016;erillattp5@gov.uk;female;24000 Pond Trail;Aix-en-Provence;1;alfa2022
907;Lanae;Sawbridge;111112017;lsawbridgep6@google.ca;male;3 Hanson Pass;Lubień Kujawski;1;alfa2022
908;Emalia;Minihane;111112018;eminihanep7@timesonline.co.uk;female;6 Donald Alley;Molteno;1;alfa2022
909;Shandee;Ambrogini;111112019;sambroginip8@gnu.org;male;7 Myrtle Crossing;Shangyi;1;alfa2022
910;Griffy;Sturch;111112020;gsturchp9@whitehouse.gov;female;9 Hollow Ridge Court;Rędziny;1;alfa2022
911;Shelba;Perryn;111112021;sperrynpa@stumbleupon.com;male;2224 Dwight Park;Tebingtinggi;1;alfa2022
912;Maritsa;Hubery;111112022;mhuberypb@cornell.edu;female;89367 Cottonwood Point;Grojec;1;alfa2022
913;Gaspar;Readitt;111112023;greadittpc@hatena.ne.jp;male;190 Fairview Alley;Daluo;1;alfa2022
914;Agnella;Buttfield;111112024;abuttfieldpd@yellowbook.com;female;33 Ridgeview Park;Digne-les-Bains;1;alfa2022
915;Julianna;Burree;111112025;jburreepe@networksolutions.com;male;02 Westridge Pass;Netolice;1;alfa2022
916;Thorny;Pettman;111112026;tpettmanpf@xrea.com;female;8 Melby Crossing;Lelystad;1;alfa2022
917;Catlaina;Lomansey;111112027;clomanseypg@ycombinator.com;male;169 Emmet Junction;Bodø;1;alfa2022
918;Cathe;Shobrook;111112028;cshobrookph@eventbrite.com;female;497 Calypso Place;Pocohuanca;1;alfa2022
919;Jere;Porkiss;111112029;jporkisspi@addthis.com;male;5348 Redwing Point;Suban Jeriji;1;alfa2022
920;Rania;Fiorentino;111112030;rfiorentinopj@census.gov;female;57014 Glendale Center;Tuguan;1;alfa2022
921;Dionysus;O'Cannan;111112031;docannanpk@smh.com.au;male;8184 Charing Cross Road;Pompéia;1;alfa2022
922;Tobe;Lawles;111112032;tlawlespl@bbc.co.uk;female;9146 Hoard Plaza;Kil’mez’;1;alfa2022
923;Nanice;Brusin;111112033;nbrusinpm@creativecommons.org;male;6 Barby Hill;Patimuan;1;alfa2022
924;Alister;Marde;111112034;amardepn@jugem.jp;female;9174 Ronald Regan Way;Popielów;1;alfa2022
925;Ben;Everill;111112035;beverillpo@wisc.edu;male;4671 Delladonna Court;Padang;1;alfa2022
926;Pierette;Arendt;111112036;parendtpp@seattletimes.com;female;72776 Hallows Trail;Jāwā;1;alfa2022
927;Ellsworth;Lancett;111112037;elancettpq@feedburner.com;male;6069 Ridgeway Alley;Kudowa-Zdrój;1;alfa2022
928;Raf;Beckett;111112038;rbeckettpr@examiner.com;female;5 Trailsway Way;Rudy;1;alfa2022
929;Sheffy;Fritzer;111112039;sfritzerps@goo.gl;male;94121 Sauthoff Parkway;Phra Pradaeng;1;alfa2022
930;Obadias;Jerzycowski;111112040;ojerzycowskipt@exblog.jp;female;1526 Kropf Hill;Tengah;1;alfa2022
931;Stillman;Layman;111112041;slaymanpu@domainmarket.com;male;96 Luster Point;Samborondón;1;alfa2022
932;Woodie;Bielby;111112042;wbielbypv@usnews.com;female;21 Northview Circle;San Pedro;1;alfa2022
933;Wyndham;Mitchener;111112043;wmitchenerpw@google.co.jp;male;4287 Superior Road;Ondangwa;1;alfa2022
934;Alyda;Pill;111112044;apillpx@shop-pro.jp;female;68 Melody Circle;Kyegegwa;1;alfa2022
935;Maximilian;Tinniswood;111112045;mtinniswoodpy@surveymonkey.com;male;6986 Armistice Park;Tahilt;1;alfa2022
936;Beverlie;Thebeaud;111112046;bthebeaudpz@gravatar.com;female;99334 Dayton Avenue;Tacoma;1;alfa2022
937;Sonnie;Hugueville;111112047;shuguevilleq0@freewebs.com;male;75 Anderson Pass;Bei’an;1;alfa2022
938;Jenifer;Espinazo;111112048;jespinazoq1@artisteer.com;female;00 Rigney Junction;Baños;1;alfa2022
939;Andie;Joule;111112049;ajouleq2@pinterest.com;male;1800 Northfield Lane;Saint-Denis;1;alfa2022
940;Burgess;Fontell;111112050;bfontellq3@vk.com;female;1 Carey Park;Byuravan;1;alfa2022
941;Englebert;Raeside;111112051;eraesideq4@abc.net.au;male;8450 Canary Point;Shengping;1;alfa2022
942;Gabie;Birtchnell;111112052;gbirtchnellq5@aboutads.info;female;5725 Erie Way;Chicago;1;alfa2022
943;Kirstin;Streeting;111112053;kstreetingq6@pagesperso-orange.fr;male;95 Valley Edge Way;Warungbuah;1;alfa2022
944;Pace;McTurley;111112054;pmcturleyq7@skype.com;female;8896 Lakeland Point;Werinama;1;alfa2022
945;Veradis;Kitcatt;111112055;vkitcattq8@china.com.cn;male;9594 Spohn Circle;Martigues;1;alfa2022
946;Ertha;Sankey;111112056;esankeyq9@histats.com;female;316 Gale Trail;Patiya;1;alfa2022
947;Whitaker;Center;111112057;wcenterqa@parallels.com;male;17 North Park;El Zulia;1;alfa2022
948;Drake;Dunbleton;111112058;ddunbletonqb@bigcartel.com;female;313 Vahlen Drive;Jiehu;1;alfa2022
949;Scot;Pickring;111112059;spickringqc@hp.com;male;8 Kinsman Junction;Licheng;1;alfa2022
950;Rasla;Bleasdale;111112060;rbleasdaleqd@vinaora.com;female;7103 Mcguire Pass;Gaoyang;1;alfa2022
951;Flin;Pinnington;111112061;fpinningtonqe@taobao.com;male;399 6th Avenue;Göteborg;1;alfa2022
952;Alma;Corssen;111112062;acorssenqf@gov.uk;female;634 Macpherson Point;Sepit;1;alfa2022
953;Amity;Rothon;111112063;arothonqg@cbsnews.com;male;65811 Iowa Crossing;Cabo;1;alfa2022
954;Jada;Crotty;111112064;jcrottyqh@usnews.com;female;66683 Anthes Circle;Nesebar;1;alfa2022
955;Germain;Cunliffe;111112065;gcunliffeqi@dropbox.com;male;42725 Stang Hill;Chicago;1;alfa2022
956;Doll;Hurdiss;111112066;dhurdissqj@gravatar.com;female;5182 Menomonie Park;Bogovinje;1;alfa2022
957;Quinton;Lang;111112067;qlangqk@amazon.co.jp;male;635 Hoepker Point;Pericik;1;alfa2022
958;Melina;Ivimey;111112068;mivimeyql@pinterest.com;female;06 Sage Terrace;Kuntong;1;alfa2022
959;Isobel;Jeratt;111112069;ijerattqm@google.it;male;6 Marquette Parkway;Pervomayskaya;1;alfa2022
960;Carry;Wraith;111112070;cwraithqn@wordpress.org;female;801 Lighthouse Bay Road;Taiyang;1;alfa2022
961;Gunter;Klaggeman;111112071;gklaggemanqo@tmall.com;male;7 Waubesa Street;Gulyantsi;1;alfa2022
962;Leelah;Overil;111112072;loverilqp@hc360.com;female;342 Monica Point;Montauban;1;alfa2022
963;Emmye;Yashaev;111112073;eyashaevqq@amazon.co.uk;male;5 Manley Lane;Dumaguete;1;alfa2022
964;Frieda;Estick;111112074;festickqr@myspace.com;female;31 Johnson Plaza;Gradishtë;1;alfa2022
965;Shirlene;Stivers;111112075;sstiversqs@earthlink.net;male;66588 3rd Hill;Jistebník;1;alfa2022
966;Marillin;Hyam;111112076;mhyamqt@mapy.cz;female;27 Kingsford Court;Markušica;1;alfa2022
967;Fergus;Durber;111112077;fdurberqu@walmart.com;male;96 Eliot Parkway;Bronnitsy;1;alfa2022
968;Joannes;Outright;111112078;joutrightqv@wix.com;female;71172 Fordem Alley;Khŭjand;1;alfa2022
969;Milty;Hanton;111112079;mhantonqw@w3.org;male;16229 Acker Plaza;Mâcon;1;alfa2022
970;Quintilla;Beckenham;111112080;qbeckenhamqx@issuu.com;female;7171 Atwood Plaza;Sanjiangkou;1;alfa2022
971;Phelia;Alebrooke;111112081;palebrookeqy@businessinsider.com;male;6 Debs Road;Hirado;1;alfa2022
972;Moreen;Merrell;111112082;mmerrellqz@theguardian.com;female;151 Lotheville Court;Zhanxu;1;alfa2022
973;Olivero;Toffoletto;111112083;otoffolettor0@youtu.be;male;174 Anhalt Drive;Primorskiy;1;alfa2022
974;Siana;Tommasuzzi;111112084;stommasuzzir1@usda.gov;female;4158 Artisan Crossing;Jingzhou;1;alfa2022
975;Matias;Ruff;111112085;mruffr2@tamu.edu;male;90 Shelley Lane;Xianyang;1;alfa2022
976;Briano;Dabney;111112086;bdabneyr3@arizona.edu;female;94 Bashford Circle;Dutsin Ma;1;alfa2022
977;Cesar;Whittleton;111112087;cwhittletonr4@mozilla.org;male;748 Carberry Avenue;Sekampung;1;alfa2022
978;Gina;Elfe;111112088;gelfer5@europa.eu;female;0 Fairfield Way;Kinsealy-Drinan;1;alfa2022
979;Rafi;Giacobini;111112089;rgiacobinir6@berkeley.edu;male;95482 Hudson Junction;Zubin Potok;1;alfa2022
980;Nicolai;Bengefield;111112090;nbengefieldr7@google.it;female;7133 Steensland Junction;Jiuquan;1;alfa2022
981;Cinda;Stollmeier;111112091;cstollmeierr8@issuu.com;male;4456 Oriole Park;Xiabao;1;alfa2022
982;Thedrick;Hurdiss;111112092;thurdissr9@meetup.com;female;4352 Maywood Hill;Pecoro;1;alfa2022
983;Bernadette;Benson;111112093;bbensonra@wired.com;male;50 Carpenter Center;Voskehask;1;alfa2022
984;Wright;Maliffe;111112094;wmalifferb@scientificamerican.com;female;1807 Vera Drive;Krychaw;1;alfa2022
985;Woody;Nutbeam;111112095;wnutbeamrc@alibaba.com;male;9 Huxley Court;Zheleznogorsk;1;alfa2022
986;Cam;Jarnell;111112096;cjarnellrd@sitemeter.com;female;812 Riverside Trail;Pointe-Noire;1;alfa2022
987;Dedra;Eilhertsen;111112097;deilhertsenre@walmart.com;male;97608 Crest Line Center;Wahai;1;alfa2022
988;Maryann;Syversen;111112098;msyversenrf@aol.com;female;1 Daystar Junction;Klippan;1;alfa2022
989;Granville;McNellis;111112099;gmcnellisrg@meetup.com;male;731 Darwin Trail;Guanzhou;1;alfa2022
990;Augusto;Benninck;111112100;abenninckrh@google.cn;female;44016 Walton Parkway;Mpigi;1;alfa2022
991;Cash;Chillingsworth;111112101;cchillingsworthri@hhs.gov;male;0061 Mallory Point;Cairani;1;alfa2022
992;Drucie;Landes;111112102;dlandesrj@w3.org;female;2459 Bashford Drive;Xiaojing;1;alfa2022
993;Claudio;Chomley;111112103;cchomleyrk@taobao.com;male;88 Sunbrook Avenue;Tripoli;1;alfa2022
994;Florette;Grassi;111112104;fgrassirl@ucla.edu;female;705 Crescent Oaks Plaza;Bollnäs;1;alfa2022
995;Banky;Quipp;111112105;bquipprm@pagesperso-orange.fr;male;32 Lillian Park;Chilecito;1;alfa2022
996;Glenn;De Gouy;111112106;gdegouyrn@nationalgeographic.com;female;8 Morrow Circle;Troitskiy;1;alfa2022
997;Quill;Mulqueeny;111112107;qmulqueenyro@google.co.uk;male;70 6th Plaza;Edinburgh;1;alfa2022
998;Rosanne;Labba;111112108;rlabbarp@de.vu;female;947 Hooker Junction;Congas;1;alfa2022
999;Codie;Sphinxe;111112109;csphinxerq@desdev.cn;male;9 Hintze Park;Halle;1;alfa2022
1000;Di;Ethington;111112110;dethingtonrr@mozilla.org;female;0656 Kedzie Lane;Al Minyā;1;alfa2022
